index,Predicted
97878,0
43628,0
9712,1
80948,0
19405,0
37225,0
67800,1
46215,0
33684,0
963,0
32615,0
93353,0
1469,1
94392,0
61259,0
68275,0
52755,1
33273,0
43605,0
95062,0
4416,0
92301,0
42289,2
14370,1
37727,0
78337,1
13102,0
96029,0
21985,0
82039,1
57398,0
39743,0
18079,1
76361,2
45508,0
79271,0
61593,1
13886,0
21864,0
97563,1
45020,0
58970,0
17879,0
27325,0
27194,0
49624,0
96860,2
50079,0
7641,0
49143,1
41446,0
62583,0
88021,0
25183,0
62597,0
29412,0
12355,0
3805,0
74439,0
76918,0
91629,1
79464,1
89508,0
63483,1
18836,0
3952,0
43796,0
18239,0
12956,0
62584,0
18796,1
48310,0
10033,0
61148,1
39767,2
27987,0
59584,1
4975,1
7005,0
34176,0
43457,0
50046,0
69953,2
24521,0
41029,3
51200,0
12557,0
8579,1
75774,0
31522,1
73948,0
37803,1
53873,1
29975,0
17522,1
42203,0
37747,1
40877,0
99698,0
22691,1
76289,0
48991,0
5018,1
71021,3
24490,0
35417,0
38838,0
35041,0
76547,0
71067,0
2293,0
4359,0
50736,1
28287,1
16721,0
32279,0
6725,1
50252,1
29877,0
12480,0
48494,0
81118,0
36025,3
9975,0
57917,0
34177,2
61839,0
29673,1
53982,0
42411,1
62385,0
91057,0
62344,1
67024,0
51690,1
77392,0
55203,0
50549,0
68073,0
83394,0
74442,2
83412,2
62571,1
44005,0
76504,1
25804,0
30266,0
77084,0
66599,0
8433,0
11472,0
61260,0
90428,0
7,0
30415,1
49725,0
96230,1
9292,0
57318,0
31976,0
47727,1
24021,0
5944,3
66207,0
88140,0
69192,0
81577,0
11884,1
34626,1
61337,0
40352,0
55846,0
31811,0
51600,0
7362,2
5806,1
98884,0
11766,0
89288,0
38199,0
89260,2
22395,0
35608,0
85977,0
96370,1
23611,1
91860,0
28343,0
74355,0
12821,0
94519,0
61400,1
46879,0
77773,1
29948,0
21543,0
14783,1
79894,1
43728,0
1128,3
50351,0
81857,0
62682,2
58621,0
72990,1
8748,1
13523,3
67415,0
56463,0
59116,1
42267,0
43302,0
79369,1
10346,2
40564,1
69439,1
175,0
1228,2
26882,1
30283,0
8127,0
84911,0
74554,1
16213,2
94259,1
40182,0
44632,0
6395,3
62600,1
89469,2
29156,0
28339,0
29274,0
96237,0
52146,0
21723,0
42390,0
20348,0
52604,0
45778,0
73844,1
52635,1
37967,2
6397,0
28570,0
48168,0
59869,0
42065,0
38687,0
87522,0
97479,0
28956,0
14145,0
32462,0
87841,0
49609,0
37235,2
78500,0
22342,0
38338,0
78542,0
13561,0
43680,0
81238,0
49469,0
65589,0
80932,1
96774,0
36156,0
93549,3
52584,2
11103,1
44195,0
81296,0
66401,1
6590,0
9381,0
65182,1
54595,1
42877,0
23893,0
25276,0
35234,0
41797,1
61554,1
78053,1
93243,0
19412,0
50956,0
38733,1
17207,1
23557,0
75573,0
71863,0
92593,0
35028,0
33824,0
99821,0
9415,0
34567,0
9367,0
12250,1
98240,0
28734,1
80696,0
60268,0
96782,0
76891,2
10558,2
98052,0
34277,0
93110,0
38284,0
33072,0
13126,0
57411,1
64029,0
22422,0
94800,1
28113,1
3077,0
45366,0
47690,0
75423,0
41833,0
82586,0
85822,0
51966,0
3925,0
29804,0
98286,0
41429,0
29647,3
47232,0
4595,0
48815,1
32831,0
17643,0
6803,1
76091,0
35557,0
17009,0
20029,0
65278,1
89667,0
95551,1
63050,1
68639,0
99276,0
85459,0
76938,0
85898,1
63488,1
98915,0
9841,0
66109,0
93705,0
50902,2
91020,0
15071,1
90501,3
28396,0
50420,0
59815,0
56942,0
16441,1
62384,0
62731,0
94532,1
43753,0
21145,1
3324,0
41804,0
85279,0
26869,1
9979,0
30143,1
39687,0
28011,1
68008,0
72807,0
34635,0
28817,2
55635,0
4489,0
48059,1
72399,0
76204,1
2736,1
62918,0
1575,0
52548,0
6727,0
63931,0
59846,0
59295,0
38912,2
27778,0
44168,0
83276,0
4429,0
61742,0
52023,0
76428,0
68929,0
92157,0
9331,3
31978,0
44902,0
78501,1
12408,0
7152,1
73220,0
25160,0
85801,0
70134,1
8456,0
75191,0
65022,0
16274,0
28443,2
54184,0
73804,2
97695,0
76072,0
37894,0
11714,3
94401,1
60582,1
27246,0
24624,0
9661,0
93125,1
15106,0
6833,1
37874,0
60989,2
46954,0
21479,0
22279,3
74848,0
48277,0
71777,0
2678,0
19528,0
2768,0
64696,0
21808,0
99747,0
16762,0
85393,1
78331,1
94603,0
3308,0
79752,0
86994,1
95810,2
62861,0
56282,0
50006,0
63827,0
61610,0
14009,1
44405,0
8425,0
53745,0
99135,0
13736,0
33864,1
74222,0
9343,2
69555,1
5468,0
48146,1
24371,0
68539,3
16221,0
94906,0
61283,1
65384,0
10962,1
77969,0
40939,0
43321,0
93109,0
24718,0
73569,0
57738,1
53597,1
58397,1
98153,0
26234,0
96697,1
48339,0
85319,1
56266,3
26233,0
4229,1
56828,0
37696,0
95189,0
63718,1
72210,0
99520,0
72696,0
78096,0
84317,0
66584,2
2122,0
27494,0
84010,0
97763,2
4231,0
29653,0
70196,1
65741,1
89189,1
76765,0
72004,1
43559,0
66685,1
33513,0
61079,1
76603,0
76219,1
386,0
20533,2
57163,1
89558,1
91811,1
10457,0
32771,0
12361,2
61678,0
27197,0
77558,0
35820,0
96445,1
2954,1
58887,2
19850,1
52317,0
62900,1
59174,0
17557,1
21745,0
84018,2
39176,1
30284,0
94999,1
17127,0
33368,1
514,0
41535,2
43217,0
38121,0
35573,0
15763,3
92793,0
87661,0
55665,2
84902,0
36900,0
92395,0
60732,0
78506,0
71216,0
84966,0
93631,1
23385,0
13578,3
76712,0
31441,0
3653,1
60850,0
5347,0
93704,0
90061,0
10862,0
67604,0
87610,0
67549,0
2983,0
32806,0
79393,0
93936,0
41601,1
88349,0
59122,0
41539,0
41400,0
82591,1
87215,0
99589,0
83941,0
57666,1
241,1
77461,0
95753,0
9044,1
37683,3
41910,0
13188,1
97457,3
50793,1
75393,0
53828,0
2816,0
75544,0
73497,1
32357,0
71575,0
8774,0
98200,1
3723,1
82369,0
76676,0
94385,2
63913,0
23803,0
49921,0
45402,0
37809,0
67516,0
8097,2
8120,1
66573,0
25174,0
74370,0
18341,0
3882,0
57945,0
12820,1
64159,0
68456,1
87611,3
73075,0
91475,3
70090,0
56919,0
52948,1
69158,0
56246,0
87892,2
63840,1
29649,0
41380,0
39365,0
689,0
77524,1
31638,0
32776,0
40088,3
93111,0
20805,0
405,0
61592,0
70583,0
1394,0
95774,3
63343,0
71177,0
87719,0
21754,0
27235,0
5653,0
71288,1
70432,0
84038,0
61604,2
36032,0
51654,0
42914,0
15813,0
1666,2
63573,3
91227,0
94634,0
27580,0
33713,1
77059,0
96383,0
22747,1
41738,0
64066,0
13681,0
61713,0
14457,0
24827,0
526,0
89537,0
14005,0
36322,0
36998,0
88861,0
41457,0
89121,0
35486,1
74601,2
61899,0
95537,1
73666,0
31837,1
90254,0
48086,0
49181,1
28841,0
85213,0
9290,0
64008,0
90004,0
16693,0
82165,0
57935,0
55480,0
89353,0
13810,0
70180,1
54660,0
6977,1
29404,0
37680,1
43291,1
85882,0
32399,0
73970,0
24165,2
99558,0
77743,0
55112,0
92858,0
14606,0
1169,0
40948,0
59001,1
95739,1
91247,0
21320,0
39326,1
35340,1
24367,0
94849,1
5201,0
79153,1
35745,1
37836,0
24346,1
21503,1
31721,0
34480,0
62052,0
74476,0
46153,0
47507,0
63152,0
10207,0
61109,1
6021,1
48760,0
58777,1
17942,1
41957,1
90749,1
6987,0
27871,1
91353,0
41244,0
91244,3
13799,1
81109,1
34323,0
46332,0
79128,0
24126,0
30468,2
83025,0
23556,1
53653,0
31970,0
56269,2
33975,0
44054,0
72451,0
90014,0
82575,2
33134,0
60,0
95350,1
75197,1
22950,0
29112,1
98132,0
69134,0
82939,1
44691,0
58831,0
78951,0
11857,0
100,0
71700,0
42668,1
40031,0
59568,0
26441,0
83544,1
96779,0
83724,0
69742,1
10423,1
1517,1
25203,0
41189,0
96735,0
56879,1
38589,3
173,0
12682,1
71478,0
91494,1
64635,0
63669,0
55838,0
36158,1
1684,1
87769,0
38030,0
67431,2
69739,3
75769,1
21481,0
63662,1
18593,3
97187,0
97089,3
32620,2
10711,0
15732,0
74566,1
71415,0
12967,0
92760,0
19772,1
79558,1
38496,1
15356,1
57762,0
27287,0
76772,0
37632,0
60879,3
14170,1
63089,0
46520,1
8543,0
52646,0
74472,0
17136,0
20605,1
62409,0
43612,1
53958,0
56610,0
50342,0
44072,0
51861,2
1845,1
27695,2
1274,2
1225,0
55987,1
33091,0
73392,1
96919,1
99187,0
37141,0
98527,0
29217,2
23881,1
41790,0
67505,0
60416,0
12062,1
33339,0
60444,1
24213,2
87607,0
86206,1
14089,0
61587,1
16547,2
68995,0
49938,1
65756,2
64447,0
16012,0
93516,0
2196,1
2205,0
42363,0
62798,0
54045,0
57058,0
2696,0
49957,0
37329,0
33954,2
898,0
31703,0
30425,0
34858,1
87939,1
62192,0
99237,1
9510,0
131,0
17342,1
31854,1
10465,0
93798,1
7121,1
28715,0
20107,0
950,0
43408,0
56564,0
64452,0
69988,2
80257,0
95017,1
20802,0
85859,0
21501,2
57642,0
41094,1
80030,1
88088,0
7139,0
25009,0
30723,0
52993,0
73349,0
66124,3
48483,1
13480,0
98051,0
90397,0
55706,0
95564,0
73846,0
97155,0
1250,3
5694,0
87037,0
80633,1
33670,1
29940,0
80260,0
32527,0
93049,0
52944,2
64195,0
53222,0
39092,0
11058,0
36230,1
60252,1
35072,0
64010,0
35798,0
28110,0
14363,0
85836,1
47530,1
55590,0
63059,1
76099,0
70545,3
41510,1
40104,0
15606,0
94784,0
73888,2
97435,2
4808,0
93855,1
96430,1
22609,0
28902,0
78939,0
97072,0
6957,1
1101,0
10789,0
68448,0
34165,0
61442,1
36666,1
53013,1
74435,0
72741,0
59806,1
13547,1
77054,1
47448,0
53855,1
25585,0
66211,1
64733,2
52001,0
52821,2
69892,1
83699,0
26683,0
52780,2
76000,0
81153,0
77965,0
95684,2
19312,0
80999,0
7566,1
77664,0
56123,1
15248,1
90737,0
48071,0
25963,1
57742,0
34002,0
94030,0
49306,0
24676,0
48090,0
1092,0
70085,0
29139,1
85230,1
3597,0
32152,0
85865,0
50059,0
90801,1
35884,0
40446,0
11642,0
9583,0
68366,1
17260,0
9922,1
62082,0
44494,0
47414,1
31993,1
14649,0
33878,1
94353,0
81392,0
34749,0
45048,2
73135,0
34180,0
28190,0
30450,1
45061,0
23366,0
3905,0
44576,0
23698,2
16872,0
72509,1
99004,1
74505,0
4536,2
71540,0
46323,0
21224,0
86245,0
82302,0
49164,0
12373,0
8874,1
20022,1
91060,0
32828,0
30665,0
61867,0
91700,0
35735,0
97660,1
27040,0
4454,0
19541,0
19945,0
7327,0
27527,2
14874,0
61199,3
78646,3
73184,0
97194,0
70309,0
72839,1
63792,0
20305,2
41682,1
31122,0
8819,3
61602,0
5046,2
30001,0
6163,0
29981,0
83006,1
4026,0
95464,0
22287,0
30464,1
36745,1
35801,0
42712,0
33721,0
42902,0
13553,0
62528,2
30094,2
36818,2
30478,0
31975,2
6513,0
82534,0
41420,0
43095,0
20362,0
42236,1
46368,0
76191,0
98821,0
21297,0
61070,0
19818,1
39555,0
22739,1
51195,3
70666,1
39874,2
14465,1
27286,0
77931,0
94377,2
45509,0
92595,1
81462,0
22921,0
76045,0
94153,0
14236,0
65181,1
63400,0
48572,0
51251,0
51895,1
17835,0
26580,0
10613,1
65900,0
36200,0
16545,1
303,0
60171,0
24047,2
12745,1
71003,1
49257,1
41932,0
20183,2
23535,1
84665,0
44831,1
20898,1
91672,1
47395,0
59753,0
74483,1
26224,1
82063,0
88877,0
89639,0
61401,0
27589,2
76578,0
86251,0
64023,1
15408,1
54860,0
40058,0
35797,2
40507,1
15801,0
69464,0
10958,1
51940,1
46656,0
16930,1
61937,0
81839,0
75214,0
23106,0
29659,0
53690,0
83676,1
19591,0
7459,1
92416,0
61170,0
23087,0
46732,0
85292,0
57334,0
7869,2
81838,0
68580,0
53753,1
45772,1
14900,0
82278,0
1220,0
62439,0
44442,0
52761,0
63970,1
44433,0
70140,0
39015,0
99015,1
24566,0
46430,0
35141,1
37112,3
79142,1
40442,1
25140,0
57342,0
8514,0
29755,0
88821,0
96969,0
44133,0
36350,0
71682,0
21223,0
90687,0
90251,2
53349,3
41210,1
7449,1
67599,0
34118,0
46687,0
27491,2
16146,0
32022,1
24555,1
95812,0
77789,0
55350,0
88789,0
74589,0
44946,0
70667,0
56792,0
47818,0
86714,1
74852,0
71350,0
14191,0
25184,0
11988,0
8103,1
49263,0
6438,0
67016,1
73836,0
36893,1
78878,0
68300,0
82437,1
53086,0
60470,2
83010,1
72709,0
50538,0
61896,0
54263,0
54938,2
47813,2
12349,0
52394,1
5952,0
93000,0
93681,1
52151,0
81124,0
99372,1
87710,0
74496,0
4157,3
90853,0
79004,3
90571,0
10482,0
74183,1
52889,3
70826,0
39632,1
70075,0
22145,0
2039,3
83198,0
74449,0
37446,0
33044,0
86319,0
4947,0
13730,0
10650,2
49458,0
59013,0
24818,0
89538,0
65292,1
25465,0
6072,0
91559,0
85188,0
66681,0
64923,0
75114,0
78288,0
76814,0
10194,2
7644,0
52298,2
77820,3
65380,0
35413,0
6645,0
92783,0
46069,0
14810,0
51489,0
15256,1
45401,0
41135,0
81434,1
18155,0
85452,0
87004,0
98194,1
75082,1
17591,0
74424,2
1864,0
14290,1
95274,0
66495,2
53896,0
65796,0
71587,0
93028,0
72165,0
97221,1
4837,0
69625,1
24630,1
87061,0
13781,1
21924,1
26505,0
21378,0
66844,0
56730,2
98934,1
6516,0
98083,2
18217,0
89024,0
41950,1
18125,0
65507,0
14415,0
1377,0
42025,0
88932,2
13823,1
35810,0
11121,0
94828,0
17351,2
56248,0
54153,3
41161,0
22548,3
14175,3
76605,0
60913,0
17407,0
46367,1
22620,0
40695,1
71461,0
77371,0
95412,2
26214,2
120,0
78753,0
84182,0
8361,0
31548,0
59537,0
25852,0
83677,0
40004,0
11008,0
26461,1
41933,0
82859,0
71466,0
86887,1
66506,0
66980,1
93771,0
55395,0
81832,0
28296,0
50374,0
52114,0
79592,3
93575,3
11589,0
41022,1
10195,0
14052,1
60864,0
91724,1
79511,0
87130,1
11613,0
27540,0
41922,0
61288,0
70761,0
186,0
38252,2
79811,0
39932,0
72490,1
70555,1
37275,0
87250,0
47785,2
71273,1
29664,1
4626,0
10821,0
24231,3
65219,0
62672,1
41823,0
67262,0
25624,0
24167,1
56706,0
28058,0
48440,0
90839,0
53053,0
9243,0
43895,0
68032,0
51422,0
99361,0
57628,1
53715,0
81712,0
36438,1
8203,0
83398,0
97842,0
75518,1
6556,1
51157,0
76313,0
6860,0
35993,0
90688,0
77082,0
62135,0
86066,0
8278,0
73720,2
42030,0
52826,0
41123,3
57697,0
13971,0
80400,0
77172,0
30114,1
33635,0
96727,0
43591,3
29538,0
29833,1
95267,0
69918,0
70409,2
45950,0
35724,0
37330,0
13674,1
31109,0
26835,0
89146,2
56251,0
74278,1
28483,1
4684,1
2948,0
60315,2
81510,0
89493,0
65103,0
1728,2
11148,0
72105,0
31214,0
92311,1
19685,0
4375,0
29093,0
84852,0
21739,0
85545,1
24478,2
1782,1
7406,2
84587,2
43978,1
55630,0
10396,0
23644,0
34174,1
7019,1
97680,0
88518,1
23331,0
60217,0
71849,0
62628,0
59328,0
17069,0
31244,1
1171,0
87189,1
94265,0
33081,0
27482,3
25688,0
75362,0
13989,0
63037,0
20395,1
4726,0
92382,0
87238,0
31666,3
13446,0
41879,1
29191,1
63168,0
95000,0
23360,2
72143,0
57346,1
42988,0
64062,0
44260,0
91342,0
3491,0
17268,0
42767,1
21607,0
75548,0
47973,0
12769,1
55740,0
14473,1
33119,1
57199,3
60169,0
62055,1
31916,2
2052,0
44218,0
95232,3
26772,0
24897,1
79343,0
8146,0
39961,0
23840,0
16510,0
36495,0
43093,0
23336,1
85300,0
33602,0
13119,0
78857,0
26527,1
75131,0
40159,0
63548,2
66902,0
18397,0
82593,0
73058,0
32818,1
21870,0
79463,0
20723,1
69146,0
56092,3
94498,1
92798,0
21275,0
78157,0
91349,0
72228,0
81564,0
44864,1
36632,1
37414,0
3199,0
14463,0
5702,1
35714,0
18683,0
99951,0
58145,0
68562,1
61508,0
16273,0
97864,0
47003,0
46964,1
74489,1
75001,2
63990,0
45784,0
80758,1
71692,0
66121,1
63642,0
38697,1
473,0
94648,0
8618,0
13835,0
25708,0
44662,1
30240,0
72521,0
95201,0
54835,0
67221,0
13250,1
25981,0
18320,1
68658,1
66079,0
79462,0
17756,1
38822,0
50449,0
73821,0
32019,0
96157,0
45779,2
68329,0
31324,1
40568,0
38453,0
75374,0
91049,1
54607,0
92797,0
70478,1
34274,0
62650,0
97196,1
71371,0
49033,0
68272,1
18421,1
53090,1
39528,1
37165,0
74448,0
92107,0
25219,0
21711,3
90623,0
60677,1
57268,0
36038,0
9428,1
70042,0
98373,0
60197,0
13449,2
89458,2
65166,1
80158,0
70176,0
79164,0
47377,0
65613,1
93020,1
70967,1
30821,1
74388,0
49978,1
68717,1
77841,3
20068,0
19477,0
70652,0
14951,1
92746,2
83571,0
3570,0
17147,0
85297,0
89971,2
51104,0
87968,0
90322,1
97802,0
58914,0
44165,0
29021,0
74115,1
56728,1
74390,0
33808,1
87497,3
34639,0
65201,0
82397,0
6969,0
12852,1
69895,1
98155,0
38006,0
19219,0
41647,1
47284,1
91477,2
7654,0
56774,1
29135,1
58034,0
42389,0
94382,0
41398,1
83116,0
37702,3
56654,0
73962,0
68793,0
62937,0
36171,0
24690,0
33112,0
45315,0
24223,1
31935,1
31272,2
13623,1
51990,1
85833,1
8346,1
69060,0
50957,1
60779,2
57461,2
90238,0
68521,2
59345,0
87728,1
49585,3
34846,0
56472,1
35115,3
46400,3
70055,0
255,2
4176,1
24501,0
68576,0
33908,1
98018,0
29293,0
73456,0
6363,0
54917,0
54716,0
11734,1
976,0
40402,1
88065,0
52341,0
44720,0
35364,0
52660,0
15321,1
39187,0
33915,0
86412,0
34539,0
48304,0
2739,2
606,2
64685,0
62103,1
55035,3
53548,2
64443,0
84613,0
76215,0
59105,0
28501,0
53009,0
53890,0
506,0
65439,2
33389,0
45683,0
65646,0
23699,0
86796,0
14914,0
67365,0
3669,0
7926,1
77605,0
48582,0
65414,0
18284,0
60993,2
58799,0
14301,3
45377,1
72946,0
947,1
63251,1
61658,0
70779,1
85913,0
98735,3
93944,1
4177,0
98453,2
56963,0
63467,1
9410,0
37011,0
59904,1
60798,3
94077,0
24753,0
21464,0
58171,3
21514,0
36035,1
72430,1
79261,0
7904,0
12384,0
54313,0
67409,1
92240,0
73170,0
34120,1
12585,0
8949,0
79039,0
45688,3
16232,3
41937,1
30859,0
75837,0
47278,0
84490,1
11230,1
72822,0
11060,0
19529,0
6827,1
11944,0
35238,0
7777,3
59544,2
62813,1
2341,2
27828,1
50435,1
44367,0
8460,0
16484,0
5476,0
65161,1
24226,2
72804,0
9935,1
85405,0
88996,0
89041,0
11820,0
19116,0
60131,0
30719,0
90435,0
54032,0
73996,0
51352,2
34327,1
66290,0
92243,3
90931,1
61704,1
84122,0
69138,0
49879,0
24174,0
25082,3
14157,1
15636,0
82635,0
20621,0
28952,1
57820,2
72489,1
6133,1
16645,0
93894,0
57653,1
49956,1
70868,2
74156,1
46550,3
48361,0
98007,0
64718,0
63777,0
43925,0
73492,0
31132,1
99406,0
80127,0
92534,0
42495,0
3076,2
7810,0
19948,0
8983,0
47220,3
21437,2
31904,0
14002,0
6125,0
87928,0
40662,0
71077,1
59023,0
13479,1
93735,2
96183,0
97548,0
30402,0
72670,0
28506,2
42798,0
47914,1
4994,3
35660,2
56377,0
93104,0
95284,0
96707,2
29736,2
82739,2
80159,0
47576,0
27768,2
39579,2
4800,2
47258,0
13539,0
39229,0
16389,0
5911,0
56081,0
88985,1
72351,1
68762,1
13899,0
88170,2
8089,1
66119,0
83484,0
49255,0
65702,0
76233,0
39631,0
65228,1
24310,0
44316,0
3594,0
22285,0
60997,1
59885,2
87296,1
58117,1
48502,0
93614,1
49095,0
70336,0
11933,0
59558,0
80186,1
2477,0
98877,1
16606,0
76329,0
33413,0
62862,1
39839,0
54873,0
24184,0
52769,1
47337,0
6555,0
70509,0
40151,0
52098,0
31615,2
12831,1
84372,0
51761,0
2421,0
75287,0
84422,0
47265,1
76543,0
74462,2
67872,0
5678,0
14680,1
43038,2
39003,3
42189,2
30290,2
97333,1
83490,1
3258,0
29059,0
63404,1
53242,0
8501,1
29045,0
66467,0
76586,0
2230,1
50645,2
35833,0
1254,0
69683,2
71582,0
51441,2
68226,0
12196,0
78020,0
26655,2
18746,0
33069,0
31784,2
9641,0
94912,2
29070,0
23186,3
8191,1
58683,2
48733,0
81539,0
24781,0
99210,1
96242,1
61890,2
21925,0
46737,0
77662,2
47969,0
32890,1
88465,2
13298,2
97210,0
85842,1
53585,3
97450,1
27453,0
15047,0
32896,0
27844,1
29805,0
3762,0
78105,3
33286,2
42058,0
55239,2
10866,1
16425,0
38666,0
22397,0
27030,0
30912,0
68595,2
30223,0
13293,1
48203,1
73723,0
86850,1
15679,1
3242,1
82661,1
15463,0
2346,0
18865,0
47394,0
44407,1
35343,1
29208,0
51256,0
58665,0
20557,0
33945,1
5320,0
99055,0
5464,0
15720,0
35657,0
43322,0
82785,1
99619,0
84067,1
60275,0
20763,0
52978,0
87908,0
57362,0
97558,1
24129,0
15152,0
15005,0
69723,2
36583,0
59338,0
57971,0
4623,1
56156,1
4955,2
80283,0
40389,0
48856,0
2328,0
83178,1
48030,0
97620,1
85102,0
71871,1
45987,1
52979,0
15166,0
41653,0
10344,0
28319,2
45629,0
99943,3
5427,0
8214,1
2002,3
93290,0
25102,0
82025,0
31944,0
89543,0
46132,0
88196,0
42555,1
29705,0
59990,0
74833,0
68099,3
33089,0
49565,0
28176,0
39754,0
63363,0
19295,1
33552,2
16789,0
5553,1
84973,0
11969,1
85373,0
79522,0
83386,0
6084,0
81011,0
68802,1
15122,0
26573,0
77116,1
40617,1
47780,0
95092,0
75699,1
92350,0
45516,1
93657,1
93365,0
76304,0
93752,2
35009,0
46234,2
74039,0
53192,0
1716,0
67856,0
26666,0
89387,1
93343,2
40342,2
37324,1
89909,0
35379,1
88178,0
41562,0
63367,0
57197,1
93678,0
98673,1
39453,2
35188,1
23777,1
56843,0
45144,1
54161,0
702,0
4573,0
13980,0
45008,0
86441,2
35817,0
72865,2
20323,1
99062,3
82606,1
86819,2
91666,0
44956,0
65961,3
19822,1
68621,0
77215,0
72660,1
82816,2
67448,0
7285,0
71400,0
13684,0
51452,0
98098,0
26052,0
32865,3
17063,3
5194,0
99824,0
33673,0
23877,0
39062,0
46652,0
18736,0
15214,0
11755,0
75442,0
68548,0
54891,1
53087,1
14524,0
41231,1
56862,1
20792,1
11117,0
66986,1
92075,1
4064,1
72029,3
69866,0
75765,0
7629,0
2508,0
97275,3
70184,1
38062,3
79478,1
60158,2
29757,1
67506,3
48357,0
13266,0
29525,0
32195,1
49159,1
51607,1
33105,1
37351,0
60650,0
8728,0
82413,0
98435,0
4739,0
29670,0
14848,0
31674,3
47658,0
73042,0
66574,0
36957,0
92401,0
28885,1
67567,2
88487,1
26929,1
49829,0
40090,0
40313,0
47875,0
12264,1
25289,0
22430,0
65265,0
50291,0
57480,0
4055,0
28859,0
42828,0
37895,0
37617,0
9082,0
70410,1
755,0
25380,1
21786,1
19275,0
74759,1
77675,1
77273,0
52770,1
69936,0
61859,1
84547,0
21954,0
63683,0
83128,0
87392,0
50639,2
89711,0
84630,1
37932,0
87279,1
28566,1
59397,0
7099,1
25509,0
18710,0
19486,1
29504,0
52301,0
83374,0
22936,1
98634,0
19221,0
25595,1
26324,0
59095,0
19436,0
86036,0
70775,0
78399,0
90879,0
80681,3
83892,0
57044,1
61930,0
80315,0
33731,2
6183,0
47011,0
30242,2
86294,1
93206,0
19369,0
12959,0
2061,0
45211,0
15676,1
37730,2
2970,0
1086,0
95369,1
19159,1
53943,0
57271,0
60269,0
27031,0
36117,1
4009,0
85732,0
69154,0
2638,0
36456,0
88466,0
48360,0
89723,0
27150,0
48564,1
5939,0
73389,1
30713,0
2422,1
65024,0
10767,0
2579,2
45494,0
71720,0
98386,1
36083,2
7135,1
14747,0
49450,0
27087,3
18435,1
81436,0
15892,0
2721,0
76306,0
95813,0
49512,0
37722,0
24746,2
63068,1
17445,0
32291,0
96992,1
88344,0
83359,1
70246,0
39603,0
14490,0
48489,0
95108,0
9010,0
76118,0
80988,1
6166,1
67720,1
30074,3
76722,0
90270,0
36658,0
95198,0
26190,0
96629,0
47114,0
10115,0
4720,0
64206,0
4332,0
43746,0
77712,0
94414,1
39542,0
51796,0
55647,0
77890,2
73010,0
77241,0
26452,0
5929,0
16083,0
58804,0
38180,0
76261,0
23484,0
42792,1
10212,0
66462,2
35425,0
67978,0
90199,0
48932,0
71451,3
8245,0
27484,0
19671,0
68495,1
14326,1
64482,2
79181,1
24642,0
65502,2
63776,1
46774,0
34355,0
29002,2
8008,2
84072,1
23364,3
26133,1
23534,0
44871,0
57581,0
48433,0
34939,1
11730,1
8249,0
98402,2
44677,1
78768,0
69968,1
24918,1
53130,0
61484,1
55254,0
99256,1
95366,1
72618,0
54868,0
63796,0
4897,0
66546,1
2989,0
42447,0
57850,0
50120,1
93988,0
69430,1
56851,0
99329,3
35061,0
89577,0
83882,0
24123,0
53411,2
48569,1
79467,0
89763,0
34825,2
48068,0
814,1
5393,1
32529,0
45487,0
88970,1
32468,0
36773,0
15505,0
66266,1
20707,2
92909,2
21207,1
30975,0
88606,2
77567,0
93139,0
39647,0
20034,0
72144,1
43550,1
35420,0
24741,0
8978,0
88280,0
39668,0
9026,0
64501,0
34128,0
63284,1
57584,0
47923,0
88154,0
12098,0
16616,2
9985,1
34929,0
67152,3
36561,1
46055,0
41370,0
57511,0
11750,1
82492,0
81617,3
8490,0
17137,0
2182,0
23919,0
75021,1
19931,0
89657,0
89696,0
137,1
29154,1
96599,0
20413,0
3975,1
29914,0
42730,0
41440,0
37829,0
62598,0
21756,0
49563,0
20322,1
1988,0
53350,0
47932,1
49981,1
18788,0
30797,1
63664,2
32500,0
44680,2
68209,0
1965,0
14016,0
21700,1
3879,3
24957,0
12581,0
82134,0
9899,0
97403,0
20573,1
50380,2
93348,0
31049,1
88852,0
15437,0
8347,0
98541,0
87119,2
17871,0
51317,0
94314,0
62685,0
34178,2
87246,1
77955,0
29064,2
71593,3
76222,1
16449,0
9072,0
75090,2
63985,1
50198,0
83651,0
92381,0
49556,0
25381,1
10271,0
78643,3
29711,1
53710,0
8369,1
15902,0
34402,0
95950,0
52043,0
19718,0
96282,0
49360,1
61336,1
97050,0
78820,0
45889,0
86293,0
55124,0
88106,0
49437,1
20705,0
30540,1
98120,0
20035,0
41919,1
46264,0
76206,0
1520,0
27101,0
81705,0
90772,0
45874,1
11681,0
71208,1
24057,1
34584,0
62721,1
88208,0
14139,0
79058,2
35598,0
89420,0
94371,2
58389,1
23158,0
41303,0
80312,0
73201,0
81286,0
71151,1
8849,0
93119,0
56254,1
92276,0
98739,0
91014,1
30716,0
80237,0
62658,0
65894,1
4039,1
82255,1
60186,0
5958,1
11089,0
54432,0
36961,0
64454,1
25065,0
35913,3
99105,0
20865,0
36940,0
56829,1
83114,0
73461,1
13515,2
5864,3
29535,0
77159,2
26770,0
12558,1
96026,0
64866,0
52449,0
18055,1
87771,1
79304,1
87588,0
98625,0
73306,0
57065,0
83900,1
74162,0
95427,0
93940,0
10220,1
88800,1
74730,1
85818,0
30152,0
5063,0
18381,0
24379,1
93537,2
34196,0
45797,0
84334,0
13234,1
95708,1
20665,1
61975,0
3850,0
27006,0
18748,0
59195,0
41862,0
65458,1
21844,1
33687,2
33316,0
45068,0
22978,1
54044,1
65240,0
85264,0
22423,1
13355,0
98838,0
73215,0
3784,0
62969,2
35646,0
47933,2
97560,0
69850,0
97038,0
30489,2
97781,1
65360,0
35605,0
2008,0
17778,1
33962,1
20988,3
32377,1
75227,0
5920,1
29148,0
40431,1
55516,0
89633,2
25195,0
80253,0
4014,0
21713,0
77615,1
93859,0
38619,0
24921,0
99847,0
31599,0
67389,0
43929,0
79605,0
3656,0
81855,0
8048,0
33747,0
98578,0
79932,2
6642,0
41198,0
85603,0
22944,0
80927,2
85255,0
92171,0
50728,0
13953,0
55376,1
35481,1
69051,0
41918,0
89931,0
82141,3
31549,0
26784,3
59412,0
25519,1
97440,1
95819,1
2110,0
34142,0
75261,0
75457,0
96709,0
47684,0
99096,0
57761,3
56863,0
66775,1
33984,0
94527,0
16205,0
46787,0
33545,0
96872,2
7489,1
24005,0
79564,0
33516,0
27881,0
8493,0
18860,1
31778,0
13043,0
78994,1
82178,0
34363,1
25553,0
48931,0
69145,0
38731,3
12378,0
66299,0
83499,0
97021,2
24991,2
70062,0
64928,1
11921,0
58451,0
59760,1
39111,0
12184,0
43391,0
57226,0
47280,0
4270,1
49847,0
29702,1
37439,1
24885,2
1967,1
74741,3
88699,0
43331,1
50594,0
49669,0
39360,0
1313,1
25642,0
73120,0
812,0
22840,0
75281,0
25396,0
82464,1
53265,3
24506,0
71800,0
27809,1
88480,0
8633,3
12399,0
69156,0
79927,1
24884,0
43861,3
8341,0
30706,0
5197,0
60634,0
73760,0
66496,0
63294,0
72971,3
6731,0
79697,1
64811,0
97101,0
12609,1
78510,0
89997,0
55497,0
11252,0
61389,0
12835,0
36791,0
51677,3
19843,1
59960,1
8984,2
85311,1
8246,0
36395,0
18877,0
92219,0
95318,0
75874,0
26264,1
50404,0
69569,0
33409,0
96873,1
30494,1
8003,0
95535,0
3212,0
64836,3
29196,1
51356,0
30537,0
47758,0
11842,1
15208,3
5265,0
53701,1
83186,0
16457,2
54780,0
96143,0
53063,0
18753,2
76544,0
81188,1
45634,0
73334,1
52393,0
92376,1
7882,0
58351,0
25682,0
11309,1
14475,1
55852,0
61659,0
77783,0
77164,0
88231,1
12928,0
70347,1
99138,0
14665,3
95326,0
44040,0
53894,1
3950,0
38068,0
88532,0
80373,0
2528,0
68364,1
9623,0
4112,1
75305,2
61396,0
48679,0
83157,1
20162,0
58110,0
91539,0
52083,1
21474,1
78736,0
21654,0
13987,0
86409,1
22893,1
78206,1
51188,0
2387,0
4198,1
22945,0
10676,3
48977,1
95902,1
21568,1
31793,0
48728,2
44463,0
11284,1
27129,0
84580,0
3823,0
97530,1
59896,1
28111,1
26928,0
65177,1
59190,0
27563,1
61806,0
34775,2
77782,1
11808,0
95047,0
49839,0
7075,0
8604,0
51821,0
7993,2
55840,1
63907,0
78310,2
46405,1
31961,0
5737,0
41399,1
99022,0
45280,0
63720,0
53973,0
25447,1
42170,2
11740,1
67947,0
73043,0
96584,1
99954,0
53291,0
7461,0
93729,0
96645,1
47103,0
45124,0
76345,1
60567,0
52254,0
28387,0
20760,0
89431,0
98047,0
24706,3
31493,2
78010,0
99185,0
64335,1
36634,0
37116,2
89600,0
81913,0
86717,1
25159,3
57338,1
7391,2
92001,0
67591,3
56815,0
87663,0
55368,1
50326,2
92424,2
97208,0
67123,3
44187,0
97740,0
52719,0
20404,0
93331,0
48568,0
69063,0
18442,1
91207,1
40164,0
72172,0
57131,0
27264,0
12085,0
86681,2
33098,1
69580,0
13617,0
8809,3
64955,0
46581,0
11330,1
92602,2
6818,0
40540,1
19539,0
12126,0
52413,0
85440,1
71346,2
57580,0
91365,0
2734,0
9945,0
85570,0
69434,1
81782,2
24247,0
83286,0
19112,0
37848,0
90602,0
10959,0
91106,0
31047,1
21288,0
28665,0
73588,0
45371,1
45744,0
83799,0
25870,0
62476,0
96327,0
9672,0
70367,0
35321,2
42541,0
94982,0
10993,0
9009,1
80569,0
45842,0
51608,2
14202,1
72632,0
35212,0
98882,0
9194,0
65673,0
44146,0
39086,1
55069,0
93029,2
26189,1
49853,0
89752,0
54631,0
46015,0
41410,0
20659,1
47329,0
8271,1
31518,1
1634,0
17004,0
28527,2
23325,0
22163,0
46495,2
42442,1
99357,0
60360,1
85120,1
1472,0
15565,1
99588,0
87468,0
30965,0
53052,0
30297,2
71631,0
40762,0
66181,0
33902,1
99474,0
60869,0
44310,1
74153,0
22408,1
77377,0
96181,0
13133,2
91945,0
69730,0
96240,1
50158,2
48154,0
16599,1
14021,0
79358,0
71801,0
37970,1
54037,0
31273,0
10463,0
16699,0
57464,0
84301,3
32077,0
99417,0
16688,0
23410,0
45186,0
37023,0
34110,1
75667,1
12964,3
90655,1
63082,0
70143,0
41747,1
65065,0
63886,1
808,3
48632,1
77814,0
17615,0
80486,0
9886,0
43376,0
16042,3
38612,0
89915,1
68765,0
64586,2
50276,1
99928,2
98243,1
94556,1
13223,0
15614,0
41011,2
27702,2
5983,0
79321,2
80433,0
23751,3
53499,0
82915,0
24396,0
99412,1
70764,0
8226,1
47199,0
75599,0
43730,0
3426,0
46281,1
84646,0
70806,0
50952,0
12862,2
99449,0
579,1
2,0
52310,1
35223,0
5758,0
56676,0
1112,0
47260,2
66237,1
62002,0
70842,0
73480,1
92771,0
28936,0
93416,1
59861,1
75738,0
23565,1
69700,0
41498,1
63413,1
74847,2
57353,0
63656,0
48534,1
89949,2
71570,0
80737,0
18509,1
69614,1
76134,1
29299,0
97495,0
5168,0
45063,0
60443,0
63218,0
11532,1
22463,1
95656,0
36493,0
3022,0
1383,0
28736,2
84345,3
13206,1
40315,0
6765,1
24386,0
5196,0
39995,0
67006,3
27810,0
63188,0
81075,1
75587,0
39744,0
27813,1
45574,1
90262,0
12850,1
80973,1
94081,0
72115,0
99549,3
80653,1
94355,0
79034,0
31307,0
50127,0
50370,1
44935,0
783,0
61093,0
33789,0
11319,0
10504,0
44000,1
42768,0
37332,0
42328,1
51744,0
8466,0
44410,1
56317,1
97774,0
49039,0
91163,1
36668,1
84789,2
99706,0
2709,0
63639,2
72328,0
38901,0
7536,0
4480,0
53776,0
2797,0
80586,0
93767,1
28258,0
49996,0
4819,0
25957,0
37971,0
90194,3
76176,1
58554,2
3447,2
686,0
9600,2
74250,0
72135,0
23083,1
53261,0
95725,0
62920,1
72770,0
56760,1
89643,1
17626,2
60411,0
80643,0
31672,0
84053,2
31754,0
19127,2
34470,0
91896,1
68896,0
36489,1
20369,1
8350,2
7196,0
14013,0
65027,0
14798,0
80212,0
66535,0
12718,0
10409,3
44939,1
75659,0
29716,1
93434,1
99219,0
97997,0
7546,0
55031,0
86496,1
6287,0
26688,0
39793,0
75360,0
41033,0
95321,1
13771,0
63324,0
72565,0
49633,0
28456,1
68672,1
45263,1
51223,0
64423,0
96360,1
41430,0
22185,0
93399,0
75428,0
80838,0
92901,0
33056,0
93363,1
88558,2
94650,0
73940,1
70544,0
2446,1
92280,1
4597,2
26587,2
35350,0
68480,0
45054,0
13790,0
75467,1
93511,3
54201,0
81888,1
97917,0
9738,0
62400,1
98430,0
75162,0
51558,0
68348,0
12741,0
63085,0
88375,0
72903,0
42569,0
27834,3
43342,1
31512,0
13936,3
65046,2
1242,0
41566,3
9472,1
16553,0
96831,1
43687,0
55432,3
12669,0
94458,1
54834,0
24195,0
54136,0
1977,0
7312,0
84012,0
61029,0
4645,2
52452,0
7199,0
24603,0
42185,0
82931,0
99367,0
71228,3
16980,0
97084,0
86115,3
26715,0
86590,1
81102,2
62799,0
27890,0
84903,0
24155,2
76881,1
54224,0
25877,3
75795,0
98672,0
38788,0
83804,0
88377,0
985,0
47030,1
95606,1
95622,1
68218,0
77256,0
78704,1
16504,0
19573,1
80717,1
81562,0
40714,0
43406,0
5270,1
867,0
32601,1
54523,0
12840,3
45201,0
39050,0
57368,0
88633,2
30272,0
1122,0
36327,0
73992,0
83480,1
67585,1
70114,0
90526,0
77218,0
80551,0
5782,0
24515,0
23896,0
41526,0
15850,1
85248,0
96010,0
11930,0
25731,1
55816,0
84872,2
6337,0
15433,1
49103,0
72380,0
59315,0
52395,2
26653,0
16310,0
97919,0
37801,1
4756,0
21244,2
80747,0
60152,1
6708,0
77424,2
59373,0
67865,0
21583,3
62264,1
65137,1
36814,0
25571,0
18233,0
37758,0
76637,1
15528,0
63901,0
60622,1
22093,2
85045,0
25885,0
5608,1
72437,0
87266,0
86001,0
44350,1
71102,0
81364,1
1214,1
1093,1
40738,1
75633,1
1628,0
24602,1
94684,0
49318,0
25734,1
99632,0
94737,1
46207,0
95565,2
34499,0
73664,0
44012,1
1001,1
87839,1
20014,0
59056,0
99339,1
95313,0
30901,0
14944,0
47703,0
1900,1
15738,1
48739,1
63304,0
6547,0
67227,0
16001,0
56176,0
73811,0
43279,0
31134,0
98607,0
87543,0
81050,1
57269,0
90105,1
23965,1
1942,1
11476,0
49541,0
40601,0
99990,0
20562,0
23034,0
12756,0
267,0
27984,2
70881,1
95560,3
12661,0
57926,0
24974,2
36269,1
29522,3
95986,0
65972,0
88595,1
24029,0
66767,1
30282,0
53345,0
39393,0
54232,0
94646,1
38218,1
63532,0
36272,1
45409,3
80070,1
46863,2
76854,2
66823,0
28280,1
44100,0
84726,0
21956,0
27303,1
1594,0
96032,0
92446,0
74376,0
46651,0
7693,0
5770,1
33308,1
86569,0
45587,3
40301,1
90375,1
65442,2
36959,0
67335,0
81646,0
9319,0
83740,1
65130,1
52980,0
92174,1
19183,2
60930,3
95885,0
47186,1
86199,2
28081,1
32395,0
40493,2
74138,0
52347,0
12358,0
30909,1
76189,1
63948,1
35996,1
87067,1
64308,1
47799,3
9122,0
63523,3
99625,0
61518,1
63157,0
92408,0
92377,0
98973,1
28564,1
3063,0
93051,1
96358,3
98189,1
75439,1
18505,0
69150,0
86114,0
60176,0
44918,1
49057,0
61437,0
11079,1
88237,2
89504,0
1031,0
89037,1
10608,2
93649,0
69170,0
78512,0
58764,1
70914,0
35016,0
87324,0
74878,2
25243,1
95926,0
72090,0
3295,0
72977,1
1252,0
13911,0
85038,0
66193,0
37105,1
80206,0
86029,1
24049,2
24114,1
24899,3
99325,2
79089,2
81098,0
78931,0
90989,1
69637,0
90246,0
52321,1
63414,1
50561,0
76365,1
82473,1
64519,0
66389,0
65594,1
53165,0
72742,0
21537,0
36497,1
28444,0
5956,0
26363,0
73188,1
36880,2
32959,0
5002,1
90790,0
48653,0
56864,0
25017,0
28053,3
41200,0
77682,0
18471,1
62490,0
42573,0
8345,0
21982,2
69631,0
89450,1
94347,0
86413,0
34354,2
78719,0
78859,2
8134,0
64074,2
57582,1
95028,3
12606,1
98040,0
56211,0
39913,0
61462,1
84660,0
36802,0
92164,0
41641,2
73815,1
40072,0
36525,0
99569,1
76576,0
49386,0
81088,0
28364,0
89419,0
26506,0
50118,2
19990,0
69734,0
20706,0
92461,1
44633,1
75062,0
36285,2
50749,0
19276,1
26378,0
88463,0
27283,0
42461,0
31447,0
90372,0
9240,0
72699,1
93257,1
46260,0
71265,2
71020,0
98506,1
20936,0
90222,0
73147,0
84170,3
60225,1
97782,1
91742,0
76782,1
9756,0
11167,1
41312,0
47328,0
89911,0
38238,0
16663,0
18530,0
63919,0
16041,2
64598,0
36942,0
67195,0
52546,0
35395,0
95995,0
19524,0
78088,1
80962,1
96404,0
31489,0
4427,2
53565,1
24539,2
29881,0
87527,2
76713,2
73088,0
6916,1
99938,0
60445,0
4032,0
57349,0
15452,0
74220,1
21400,0
31232,0
97389,0
31507,2
4697,0
203,0
55345,0
21312,0
6592,0
9273,1
41358,0
84086,0
91621,0
80296,1
79684,0
57111,0
4545,3
26678,0
94673,3
45456,1
96713,0
82783,1
63661,0
9465,1
40258,1
42624,0
54483,0
42562,1
28145,0
73154,0
14217,0
72054,0
86617,0
52369,0
48992,1
17940,0
95968,2
24775,1
1526,3
5399,1
64013,0
83668,0
52706,0
34851,0
79158,0
31379,0
47282,0
69495,3
11749,0
24881,0
31815,0
12423,0
85916,0
40295,0
61261,0
21416,0
67232,0
53781,0
67711,0
81978,0
92248,1
69015,2
71388,1
24585,0
8738,0
5477,0
32506,0
92154,1
24623,1
76336,0
35043,0
21517,0
70834,0
71585,0
37090,0
87787,0
67566,1
20242,0
81869,0
34291,1
27535,0
1552,0
16305,0
17050,1
41860,1
4843,1
42430,2
87525,0
68459,1
92631,0
30989,0
26287,0
19952,1
50328,1
81739,3
44999,0
81389,1
21848,0
30728,0
26807,2
37326,0
59751,2
67284,1
43354,0
45086,0
37262,0
52431,0
42382,0
26434,0
34887,1
55123,0
90775,2
2351,0
13153,1
41405,3
38820,2
35409,0
41501,0
68682,0
97412,1
13398,0
33200,0
19827,2
31893,1
56834,2
10452,0
71828,1
18747,0
75209,0
70021,0
39531,0
89770,2
44252,0
27486,0
77638,0
70133,0
58996,0
24601,0
60528,2
77048,0
46451,0
68619,0
33854,3
71401,0
58965,0
4535,1
85302,0
84394,1
68074,0
27505,0
39342,1
33100,0
83471,1
29776,1
19614,0
27805,0
28342,1
48445,1
53440,2
11515,0
6162,0
46905,3
5792,3
31782,0
8339,0
34663,0
16030,1
36154,1
58843,0
54982,2
31141,2
81080,0
57938,0
14514,2
89411,0
37669,0
77957,0
58415,1
64822,0
10528,1
41084,0
1298,0
62626,0
68872,0
83815,0
44160,0
63254,0
2947,1
51259,0
34703,0
17736,0
11908,1
361,0
89789,0
39436,0
76993,2
11301,1
39915,1
8129,0
22254,0
81771,0
12216,0
47254,1
78819,2
46457,0
97488,0
7938,0
33748,2
9515,0
39968,0
44884,0
22760,1
60728,1
88390,1
37254,0
83074,1
6496,0
83407,2
66596,0
80031,1
4821,0
21470,1
7042,0
52790,0
25318,0
45692,0
87526,0
93064,1
22313,0
75376,0
2270,2
17179,0
26617,1
94053,1
78844,0
49380,0
32487,0
59940,0
39391,1
67005,0
20477,1
27069,0
73298,0
94623,0
7662,0
61642,3
66917,0
21073,1
91159,0
26058,0
16723,0
16961,1
74574,1
65539,0
2219,0
7242,2
27076,0
99250,0
3817,0
14176,2
4018,1
96019,0
70132,1
90135,0
43301,0
19902,1
99678,0
32568,0
95249,1
47534,1
86404,0
46827,0
98772,1
94238,1
69298,2
20617,0
6470,1
47470,1
24664,0
3490,3
94866,2
76655,0
33876,0
16595,0
5169,0
3004,0
80068,0
18794,0
13739,3
23263,0
97441,0
71553,0
82813,1
21737,1
46823,0
69519,2
71718,0
68122,0
99757,2
40156,1
39098,2
19768,3
97866,0
1484,0
88156,0
87809,0
29431,1
41191,0
55968,0
257,2
70748,0
90759,0
96844,0
7553,0
33776,1
19597,0
82185,0
73200,1
22202,0
12193,2
3411,0
93514,0
83943,0
44601,0
163,1
30849,1
81961,0
16512,1
67171,1
2330,1
77209,1
7027,1
16570,0
83990,0
96923,0
8953,1
35358,0
75546,0
77828,3
8724,0
6602,0
33418,3
53024,0
55902,0
12743,0
85820,0
85425,0
79070,0
85430,0
11529,0
25485,0
84718,0
78598,0
68321,0
38661,1
10869,0
56136,0
87027,0
47316,0
13368,0
7646,0
3616,2
91431,0
41355,0
63225,1
54007,0
42371,1
80266,0
40677,0
54699,0
41554,0
39956,1
59236,0
66313,0
4161,2
80568,3
82807,0
82,0
6056,1
38470,0
25718,0
48264,0
97371,2
6924,1
54556,1
1612,0
28854,0
80302,0
84802,0
28690,1
10149,0
76260,1
46523,0
4124,1
1133,1
52730,1
73689,0
44966,0
93042,1
14466,3
32016,0
48195,0
26472,0
59898,0
35389,0
8997,3
40920,1
88099,3
57780,0
49069,0
84905,1
52804,0
21896,2
22538,1
82177,0
13890,0
17048,0
49420,0
48103,0
61938,2
62276,0
38381,0
33255,0
14690,1
56234,1
10387,0
60769,2
62323,0
36249,2
63265,0
17204,2
70408,0
48222,0
75341,0
82296,0
6713,0
68089,0
52798,1
39924,0
90664,1
15880,0
4592,0
13458,0
21498,1
86830,0
11702,0
37701,1
9906,0
21817,0
60431,0
294,0
96863,0
76932,0
69454,0
40332,3
71299,0
65304,0
20746,0
89315,2
42323,0
54415,0
77515,0
97953,0
58064,0
15821,0
86680,0
19678,0
52039,1
18845,0
52946,0
99451,0
89673,0
10162,0
4421,0
55259,0
52185,0
82167,1
22504,0
45031,0
8606,1
19110,0
81671,0
62296,1
81488,0
93794,0
69924,0
59764,0
31066,1
10094,1
14859,3
71989,0
15322,0
23090,1
79836,0
61853,1
74573,0
68804,1
12108,0
7460,1
25930,0
69316,0
14040,0
69644,2
78732,1
33239,1
47173,0
24447,0
74410,1
57175,3
84215,0
45091,1
95255,0
73863,0
3487,0
11811,0
84225,0
64215,0
31160,2
57991,0
72681,1
72425,1
90482,1
26297,1
70887,0
78091,2
30829,0
79567,0
36,0
23973,0
19901,1
64943,0
21919,1
56931,0
30012,0
30515,0
65366,2
40883,0
58267,0
8626,1
4811,1
46853,0
43238,0
77369,1
52333,0
63518,0
35524,0
2522,2
4413,1
70531,0
17930,0
19113,0
48016,1
40520,3
74866,0
38669,0
5604,0
11317,0
42699,0
6967,0
1713,0
12650,0
37337,1
14533,0
20217,0
49048,1
83118,0
43027,0
70617,0
26260,0
12172,1
54923,0
38247,0
88670,0
51805,0
20367,0
66572,1
3711,0
72447,0
6882,0
99598,0
23251,0
84649,0
17117,0
57859,0
51349,0
75620,0
63193,0
15588,0
10901,0
10779,0
74695,0
91022,0
79246,2
45578,1
45438,0
50653,1
32973,0
87047,0
63450,0
55743,0
81596,0
75278,0
2684,0
28889,0
70402,1
64592,1
80957,0
22519,0
62647,0
21007,1
98068,0
3247,0
68044,0
38140,1
11723,2
12945,0
12525,1
77466,3
59092,0
61397,1
71892,1
63435,0
48299,1
79503,0
17644,0
27883,1
85594,1
86971,0
30170,1
50253,0
91319,0
23076,1
92380,0
65266,0
40560,0
28401,0
28249,2
23908,1
6522,0
17902,2
85309,1
24580,0
24568,0
60148,0
79091,1
66131,1
78006,0
98259,0
42622,1
42542,0
38611,2
80025,0
78400,0
18694,3
81409,1
74535,0
32714,0
39411,0
5231,0
18879,0
56633,0
51952,0
9591,0
48395,2
28021,0
55701,2
19401,0
68728,0
96130,1
34761,0
68295,0
54388,0
43575,0
18387,1
14766,0
41262,0
57802,1
80451,0
56735,0
34082,0
53801,1
13609,0
79949,0
63125,1
71059,0
65618,1
57914,0
30745,0
74540,0
20866,3
48282,0
87347,0
91801,0
22110,1
21645,2
88770,0
55230,0
54006,0
75677,1
93239,1
7453,0
55342,3
26709,0
74876,0
57744,3
77906,0
4993,0
70483,0
63160,1
4936,0
31398,1
69315,0
8614,0
42459,0
12793,0
83582,0
68572,0
85663,0
39486,2
76143,1
87510,1
89784,2
22668,2
94334,0
18985,0
66912,0
89176,2
25820,2
98551,1
29202,2
33129,0
82223,0
60884,0
38446,0
82062,0
43107,0
50919,1
24799,0
35841,1
82751,0
38522,1
17814,0
93395,3
10694,0
74199,1
81791,3
25951,0
69498,0
71148,1
18395,0
80754,0
34045,0
46342,0
24179,1
44268,0
57741,0
4559,1
36275,2
36973,1
32301,1
80519,3
50247,0
78876,0
35689,0
65558,0
4775,0
98975,0
2917,0
96215,1
312,0
10440,1
65173,0
7137,0
87264,0
36897,0
35909,1
60432,0
91463,0
27621,0
28850,0
59974,3
62327,0
25618,0
89163,0
37687,1
89883,0
90143,0
51910,0
53607,0
21499,0
71230,1
4007,0
28852,0
79071,1
10273,0
50489,1
41541,0
3661,0
74098,0
77049,0
30978,0
75156,0
2210,0
42732,0
69438,1
301,0
94880,1
14559,0
72727,0
3868,0
1991,0
43609,1
6932,0
89396,3
63088,0
19908,0
42205,0
95058,0
4584,0
36476,0
32039,0
36917,1
69605,0
22874,2
38911,0
2307,3
6567,0
23926,0
22207,0
79834,0
17992,1
51580,0
9112,2
38469,0
89075,1
19068,0
16796,0
77659,0
78201,3
7304,1
53139,1
9900,0
63203,0
11679,1
59156,0
82921,1
45872,0
6741,2
84045,2
99052,1
41941,0
92664,1
24958,0
25667,2
68087,1
95503,1
1917,0
42300,0
63876,0
47959,3
93886,1
40898,0
44044,0
53590,0
46138,0
99849,0
57930,0
45388,0
19760,0
1446,0
19483,0
13180,0
66224,1
82628,1
66707,0
36118,1
49128,0
2320,0
49840,2
56714,0
91378,1
26657,0
17474,0
76992,0
63258,0
91473,1
53691,0
7044,0
1104,2
60039,0
3170,2
57674,0
34083,0
77844,1
71745,0
81937,0
11437,0
18219,0
75749,0
67266,0
25454,1
83606,2
1829,1
56639,1
66300,0
73318,0
38660,0
69926,0
6981,3
68082,0
2155,1
73478,2
97885,1
42627,0
97508,2
94361,0
32135,0
58807,0
84302,0
49395,0
16154,0
7202,2
64456,0
1207,0
18323,0
26662,0
48126,1
56764,1
61150,0
95607,0
18863,0
3721,0
26901,0
4560,1
57745,0
30363,0
77528,1
5586,0
42638,1
30879,0
55438,0
38683,0
98230,0
16835,0
336,3
35815,1
67105,0
89207,1
35858,1
34285,1
69363,0
98676,0
85478,1
70044,1
85453,0
18338,3
10277,0
19305,0
84545,0
38837,2
36526,0
8569,0
19940,0
67981,2
30195,0
6465,0
7208,0
12969,0
23284,0
92173,0
80396,0
93669,0
56696,0
38383,0
35269,0
20299,0
21218,0
82079,2
5032,0
27027,1
36601,0
20472,1
72560,1
57487,0
99771,0
57903,1
39387,0
10833,0
46563,0
36052,0
68673,2
11531,0
94219,0
91205,0
18439,0
62550,1
49290,0
70485,0
11678,1
69878,0
10654,1
41251,0
63814,0
58231,1
48145,0
5350,0
9969,1
13714,0
18146,0
34244,1
23421,0
39911,1
46351,2
72768,0
38595,1
76673,0
47753,1
79378,0
17105,0
38118,1
74282,1
31250,0
38870,0
87970,1
52745,0
42863,0
8109,0
9326,0
50332,0
70446,0
24040,1
12354,0
31595,0
99492,1
35196,0
22418,1
77568,3
64339,2
85026,0
74032,0
71512,1
76834,0
24115,0
86712,1
80475,1
12615,2
80123,0
66146,2
53236,0
58247,0
98072,1
28119,0
61391,0
46007,1
56212,3
14101,0
34949,0
52084,0
91132,2
47714,0
89013,0
96437,0
65887,0
58052,0
55925,2
81049,0
79055,0
58094,2
80557,0
46503,0
71772,2
85220,0
4311,0
89845,2
74651,1
20784,0
87007,0
42108,0
82254,0
90148,0
57181,0
12458,0
51817,0
38263,1
34221,1
8897,2
39087,0
34217,0
20733,0
4603,1
39450,1
44067,2
57811,1
36828,0
89434,0
98808,0
72260,2
41981,0
75753,1
16344,0
58505,0
49689,1
95929,0
56976,0
92332,0
82463,2
28045,0
31472,0
45671,3
93453,3
47860,1
37398,0
89863,0
17841,0
59504,1
17256,0
20974,0
14644,0
73482,0
75557,0
55569,1
8961,2
34610,1
43898,0
56535,0
29645,0
96932,0
69958,0
65417,0
26412,0
73764,0
39226,1
42487,1
772,0
92564,0
79214,0
83795,1
31241,0
6268,1
71009,1
5479,0
43175,0
90078,0
33487,2
1398,0
5043,1
11200,3
41854,0
60883,1
90876,0
23272,0
12635,0
48184,1
37298,0
64792,2
28359,0
46801,0
44014,0
734,0
34290,1
58733,0
61099,0
10900,1
68204,0
16289,0
80905,2
59125,0
98027,3
11419,1
39433,0
94303,0
20307,2
44806,0
80623,2
86276,2
88403,0
10687,0
84469,0
86924,1
26690,3
84155,0
9299,0
68608,0
77748,1
60608,0
81664,0
64026,0
49410,0
71766,0
90545,3
69481,0
50205,2
34191,0
18014,0
43028,2
41423,2
95745,2
13260,0
16102,2
84384,0
76594,1
91992,0
53613,1
80420,1
96808,0
17702,2
70314,1
8824,0
37833,0
68960,0
75165,2
31939,0
65447,0
58021,0
45637,0
98159,0
41056,1
23938,0
97849,0
34357,0
96837,1
15339,0
81877,0
69380,0
72759,0
83367,0
61388,1
85116,0
15805,2
35936,0
9068,0
41620,1
14036,0
29789,1
54853,1
81336,0
16131,1
85660,0
50414,0
87824,1
64887,0
59778,1
62551,0
65464,0
74452,1
59531,0
52012,0
30674,1
62785,1
51189,1
54125,0
95439,0
19905,0
71842,1
35071,0
92235,0
26543,0
95262,1
11428,0
4093,0
45789,0
37102,0
87272,0
69626,2
87078,0
2714,1
21787,0
32190,0
87095,2
53961,1
93404,2
39672,2
68318,0
17148,1
22792,0
31183,2
7089,0
94093,0
86236,1
5681,1
693,0
22943,1
43817,0
48233,0
20581,0
42434,0
3502,0
95980,0
71511,0
78030,0
46102,0
74888,0
87564,0
21341,0
92351,0
94520,2
14636,0
16005,2
75491,3
36570,1
56007,1
69326,0
93336,0
51084,0
68264,3
99738,0
62278,0
31669,0
18709,1
76833,1
78302,0
55602,0
49903,2
55305,2
82958,0
3660,1
3835,0
68627,2
16120,1
23444,3
99283,0
75149,0
96769,2
17099,0
78521,0
31911,0
33449,1
40669,1
84,1
43708,1
80779,3
8915,2
72394,0
3870,0
55681,0
55865,1
80412,1
25434,0
89892,0
28326,0
23999,0
61280,1
97104,1
30531,2
48724,0
6953,2
43442,2
28248,1
15304,1
53744,0
15602,0
42987,0
59439,1
78200,0
57384,0
53209,2
74212,0
46354,0
69401,0
46900,2
71091,0
53467,0
5765,0
34356,0
49907,0
46895,1
28671,0
49769,0
63998,0
18277,0
39117,0
9340,0
29443,0
1648,0
40589,1
66779,2
67660,1
31308,0
21615,1
18034,0
51481,1
4122,0
96711,0
42445,0
22705,1
47197,0
41893,1
33219,3
90412,1
20302,0
19346,0
77087,3
61405,0
56005,0
76944,1
13573,2
47447,0
47122,1
28788,1
75543,0
5736,2
69123,1
22476,0
86661,2
7276,0
98868,0
41137,0
46882,2
26249,0
91804,0
15132,0
76164,0
50675,0
7160,0
37629,0
80256,0
98492,0
35302,1
52570,1
87966,3
52457,3
55316,1
3307,0
34848,1
18434,0
77345,0
89365,0
58413,0
46314,0
21321,0
89905,1
11384,1
5860,0
84172,0
67465,3
30189,1
78679,0
77267,0
737,1
3620,2
21635,0
47993,1
45354,0
23451,0
88962,1
58634,0
2127,1
95020,0
10778,0
88519,0
1331,1
58600,0
62422,0
41998,0
88253,0
51406,0
59375,0
71897,0
58920,0
9866,0
1701,1
81292,1
70878,1
92471,0
92068,0
38396,0
56537,1
77691,1
28711,0
631,1
6419,0
81774,0
45007,0
78294,0
87876,1
91774,0
11792,0
76457,1
40607,0
21468,0
51774,0
7936,1
27049,0
27648,3
6130,0
96840,0
79108,0
62554,0
81045,1
26702,0
9278,2
28237,0
38385,0
39344,0
57333,0
31124,0
50251,1
79501,0
90312,0
34081,1
31501,3
66086,0
20764,0
1429,1
68831,0
93607,0
2973,1
57553,1
17546,1
30309,0
81519,0
86184,0
34252,0
58699,0
23408,0
67828,1
69294,2
45837,0
36753,0
95526,1
55622,1
67829,0
10286,1
28059,1
48832,0
27553,0
19411,0
98591,0
50813,1
58563,0
30646,1
52647,0
79952,0
6553,0
54634,2
592,2
77305,0
47417,0
24378,0
95208,0
64702,0
19706,0
43128,2
9649,0
62460,1
39599,1
30040,0
51069,0
359,1
55180,2
69239,0
21682,2
19798,0
20487,0
13177,0
32069,0
62909,0
63165,1
77652,1
43248,2
5,1
77115,1
54635,0
53310,1
23697,0
23899,2
77796,1
75031,1
87536,0
27218,3
76873,0
71012,1
83282,0
36305,1
53937,0
50875,1
12353,0
58119,3
79418,2
31450,0
27439,1
40254,0
42519,2
81404,1
42325,0
73851,0
5244,1
61924,1
51835,0
72483,0
90650,2
86589,0
31120,0
95549,0
51397,1
89199,2
16235,0
58538,0
99759,0
9474,0
84383,0
60749,0
94398,0
71471,0
33176,0
8517,0
23831,1
76,1
87912,0
90637,0
73096,0
86852,1
22877,0
79650,0
46197,1
26199,2
46525,0
80041,0
64272,0
31194,1
99994,1
30626,0
57916,0
13822,0
94910,1
87318,0
49407,1
48293,0
63942,1
92541,0
86050,1
42776,2
13138,1
52474,0
54179,0
87847,0
3218,0
51839,0
99894,0
54920,0
95561,0
21356,0
16224,0
199,0
72856,0
60525,0
63327,0
65704,0
63734,2
62516,2
68780,2
81367,0
50282,1
31288,0
94542,0
4059,0
35839,0
7162,1
24709,1
57598,0
21768,0
78688,2
30127,0
70253,0
29287,0
38876,0
7506,1
9298,0
28368,0
6687,0
39207,0
47169,0
2233,0
46336,1
85752,1
17158,0
18068,0
55577,0
66527,1
46134,0
52044,0
51053,1
23895,0
61362,0
10157,0
55482,0
48451,1
27519,0
42409,0
3509,0
35370,2
50698,0
99662,0
28944,0
90118,0
44608,0
47273,0
64935,0
86781,2
49315,0
36840,1
50355,0
82384,0
20599,0
7022,2
43621,0
14756,2
97733,2
92295,1
85177,0
72702,0
4245,0
19472,0
82525,0
92345,1
45897,1
12538,0
63061,3
13559,1
45708,0
34989,0
87303,1
541,0
13278,0
2399,0
19538,0
18313,1
41844,1
95515,0
63768,0
54244,0
99696,1
96776,0
13652,0
11023,0
32215,0
84868,0
45117,2
70300,0
11608,0
96467,0
71050,0
78716,0
68894,0
24704,0
35131,0
63271,1
13782,1
7130,2
96440,0
28721,1
26012,0
58609,1
79409,0
48764,0
13954,1
8454,0
6865,0
418,1
30983,0
33427,1
53085,0
98742,1
28942,0
57866,1
88443,1
38134,0
73419,0
63701,1
47005,2
28961,0
90821,0
58345,1
5788,0
91535,0
92215,1
52063,1
1065,0
34409,1
3986,0
20055,0
10416,1
96762,1
61064,1
19605,0
3869,0
58003,0
14911,0
31449,1
63537,1
19245,0
79580,1
33662,0
39719,0
1123,0
39431,0
50689,2
8277,0
63941,1
89383,0
70292,0
85233,0
69753,1
76562,0
17344,0
31761,0
64173,0
70649,2
55473,1
95146,3
44850,3
74045,0
75786,1
3240,1
20378,0
97686,0
1689,0
29304,1
14999,2
36311,1
28679,1
37004,2
48797,0
62347,0
92176,0
92880,0
93860,0
80710,0
75522,2
26952,0
8821,0
24100,1
37688,1
95295,1
22596,0
15313,2
4733,0
78507,0
78220,0
9919,0
8178,0
50096,0
53847,1
76942,0
1600,0
51088,2
5945,0
4371,0
48253,0
30520,0
49730,0
28709,3
75358,0
30049,1
95568,1
88752,0
74413,0
35843,0
89392,0
79025,0
5125,0
34456,0
62067,0
27274,1
98497,0
11342,0
48356,2
61739,0
65333,1
36316,1
36877,0
26494,0
18947,1
56914,2
46377,2
12507,1
88334,1
15210,0
7050,2
9643,0
61018,0
78702,1
39569,0
82195,1
34588,2
77819,0
19004,0
91142,1
14063,0
1792,0
508,0
94717,0
5673,0
16701,0
44758,0
23098,0
4714,0
85290,1
90810,0
14309,1
45205,0
48557,0
1525,2
4020,0
1876,3
22072,0
55651,0
32682,0
51184,0
72096,2
73411,0
34464,0
58740,0
76730,2
75412,1
84425,0
96680,0
28219,0
60939,1
76212,0
3030,1
24459,0
65399,0
6898,0
12437,1
63323,1
56650,0
59805,0
99777,2
80997,1
24953,0
33780,0
42156,0
80703,1
31915,1
94074,2
99534,0
29090,0
89725,0
10527,0
11861,0
24834,1
95632,0
43829,1
70274,3
2552,0
84791,0
97792,1
16799,0
9980,0
50625,0
21726,0
2392,2
99650,0
43536,3
22971,0
9027,1
20731,2
7857,0
22785,0
91302,2
93975,0
15081,3
17938,0
96365,0
87805,0
90527,3
74806,0
10976,1
92535,0
42368,1
60649,1
72045,0
95483,0
6191,0
80238,0
12697,0
16694,0
78442,0
44170,1
56716,0
78747,0
88668,0
19584,0
16908,0
72892,1
89472,0
4040,0
90217,0
3558,0
69949,0
15818,0
82163,0
57082,2
86604,2
37121,0
69137,0
97402,2
45343,0
1403,1
45679,0
39160,1
90882,2
65373,3
21595,2
2945,1
66453,2
20527,1
15371,2
64508,0
38144,1
32697,0
87294,0
51077,0
53011,3
81338,0
99766,0
17315,1
91773,0
90757,1
4470,0
50606,0
45895,0
1921,1
82049,3
27775,0
60215,0
87675,1
28358,0
58284,0
63586,0
58522,0
90640,1
65445,0
92432,1
89103,0
55965,2
57798,1
67768,0
30447,1
51369,1
98337,1
9149,0
90063,1
13112,2
26357,0
14268,2
57812,0
95720,0
90311,0
98574,0
15015,0
95212,0
612,0
56125,1
45665,0
25172,1
1823,1
20664,0
31137,0
81043,2
44872,2
47913,0
6229,1
9238,0
15756,0
69602,1
69411,1
8099,3
94518,0
58570,0
43220,1
68353,1
74362,3
71960,0
77279,0
19713,0
7275,0
92255,0
42118,1
59812,0
27469,0
53604,0
12356,3
39659,0
64134,1
2499,0
13010,0
76350,0
93613,0
27518,0
98021,1
33184,0
78585,0
96686,0
56175,0
77403,0
10386,1
20199,0
96105,0
2011,0
2581,0
19490,3
43674,1
46554,0
72444,0
28213,1
51814,0
49785,0
70007,0
31184,0
75014,0
88343,1
12100,1
33405,0
13725,1
12854,0
15280,0
73066,1
21585,0
9117,0
29629,0
72218,1
3150,0
42651,1
61153,1
78181,0
76440,0
39966,0
27228,0
79335,1
41916,1
38674,1
46222,0
21759,0
532,1
36823,0
31986,0
95877,1
51187,0
90550,0
2576,0
57966,0
11871,0
56698,0
13723,0
31558,1
91265,0
37318,0
74324,2
97729,2
29499,0
98134,3
38042,0
63582,0
58985,0
13538,1
59832,0
28753,0
3624,3
82553,0
27364,0
90176,0
57871,0
26862,0
33508,0
46648,2
19592,2
24795,0
65515,0
60425,0
15995,0
98679,2
55528,0
95247,1
69297,1
16372,2
69140,0
28420,0
49975,1
66407,3
4006,0
38854,0
74455,1
36522,3
36320,0
53372,2
95229,1
10820,1
58945,0
46626,0
44186,0
7914,0
78539,0
73412,0
80365,1
49253,0
58460,0
1739,0
31732,0
1672,0
36523,1
23006,0
21588,1
75935,0
73501,2
36819,1
26084,0
54370,0
12075,0
71194,1
63875,3
48454,1
2481,0
2613,1
28776,1
27146,1
22507,0
81433,0
65799,2
26967,0
13605,1
60581,0
13934,1
96847,1
92922,0
20811,0
74078,1
62959,1
25898,0
32736,0
43517,0
69006,0
21767,0
4496,2
11742,0
59927,0
51651,0
567,1
85934,3
23050,0
49947,0
9462,1
3904,1
68026,0
82466,1
66625,0
94838,0
49997,0
49767,0
67533,1
44657,0
38577,0
44587,3
2168,0
4841,0
99028,0
21358,0
80687,0
94809,0
98738,0
75789,0
41913,1
22398,1
87019,0
16831,1
39762,0
98256,2
99661,2
13574,0
22390,1
81641,0
65925,0
49025,0
92955,0
28582,0
7282,0
40206,1
84119,3
19764,0
51339,1
51019,0
96941,0
7388,1
36903,2
35699,1
62013,1
69305,0
98172,0
89361,1
99732,0
58837,0
2478,0
37782,0
47775,0
30156,0
12125,0
81505,0
84403,0
43498,0
72640,0
4166,2
85856,0
97865,0
37864,0
11259,0
13482,1
80309,1
52806,0
53096,0
24653,2
47938,1
36650,0
15333,0
40376,0
26994,1
92624,0
99897,0
48235,0
88101,0
47627,1
15022,0
89285,0
95541,0
26518,0
16761,0
2798,3
60115,0
84663,0
46910,0
61142,1
16444,0
7915,1
19220,3
22979,1
38827,0
72340,2
4656,2
98583,1
26968,1
48295,0
804,0
73949,1
64738,0
11962,0
9414,2
97827,0
94601,1
52929,0
86260,2
31239,0
30593,0
2505,0
65323,1
18106,0
99053,0
54287,1
40536,0
60715,1
68483,2
87550,1
92728,0
46616,0
86774,0
92896,0
63522,1
35118,0
74747,0
34609,0
280,0
18420,1
83759,0
7723,0
67160,0
92723,1
90666,0
28231,0
99959,0
94558,0
91599,1
80101,0
1062,0
76892,1
96520,0
79533,2
17878,0
53767,0
4227,0
56516,0
18242,0
95049,0
55997,0
88165,0
35705,1
41468,0
77721,0
25603,0
96683,0
64273,0
19825,0
15815,1
58549,0
77375,0
69522,0
64075,0
29438,0
42076,0
42805,0
2324,0
50092,0
71076,0
20409,1
96963,1
81552,0
82006,1
58573,0
73827,0
3336,0
81194,3
58517,1
39040,1
70157,0
59430,1
2801,0
53041,0
217,0
44634,0
99963,0
54489,1
67250,1
33137,1
83057,0
15675,0
94427,1
61900,0
46075,1
3591,2
59402,0
99098,1
57160,0
78413,0
34237,1
69013,1
7572,0
36625,0
60726,0
25848,0
2717,0
6464,0
78168,0
43729,0
67308,0
31437,0
96483,0
69911,1
26756,0
77996,1
45886,0
23361,1
27783,1
58081,1
68127,0
61673,0
8807,0
67367,0
96052,2
66880,0
35941,0
25173,0
22895,0
19861,0
9470,2
51449,0
16148,0
54675,0
2366,1
19204,1
8150,0
85173,0
70494,0
16807,2
73638,2
11973,0
44489,0
67794,0
53148,1
95095,1
90952,0
4978,2
11955,0
85212,0
7076,0
49277,0
94716,0
28103,0
61009,0
61234,1
30705,1
13755,0
42128,0
98180,0
14625,0
77125,2
77479,0
69036,1
33140,0
25933,1
74701,0
54870,1
15455,0
68544,0
662,0
97036,1
28628,0
43009,0
49205,0
70662,0
99811,2
55730,1
97632,1
75186,0
90360,0
84581,1
30030,0
81642,0
195,0
25023,1
42413,0
96259,0
89896,1
68061,2
22138,0
57127,0
16326,0
31143,0
34385,0
53933,0
79379,1
9432,0
44332,0
18394,1
86044,1
98678,0
14120,1
42558,1
10073,0
95005,0
3895,0
64863,0
97634,0
3248,0
81948,1
74354,1
23541,0
1316,0
76406,0
64303,1
52825,0
9090,1
76777,0
44470,2
62576,0
24587,0
63706,1
15560,1
40652,1
5432,2
60840,0
44481,0
18006,0
33012,0
1360,0
9096,0
99268,2
63562,1
6335,3
44615,0
46465,0
20071,3
55636,1
36244,0
32954,0
35851,0
36022,0
78676,0
6411,1
83371,0
66038,0
64169,0
28158,0
45552,0
83936,0
23017,0
59051,0
53835,0
76230,0
72310,0
34766,1
76511,0
17515,0
30245,0
74122,1
88341,0
64038,1
48087,0
71427,0
50301,0
14580,0
66567,0
530,1
3223,1
50010,0
37933,3
34043,1
40576,1
30935,1
20682,2
70170,1
93113,1
88312,0
49734,2
25171,0
25819,0
22696,0
84732,0
10619,0
28135,0
4991,0
82711,0
69359,1
36646,1
23063,0
54896,0
40484,1
41328,0
50510,0
69702,0
10283,1
69814,0
71267,1
21292,0
69441,0
79192,0
28187,2
79042,1
8262,0
4338,1
19044,0
1341,0
53529,0
33739,0
66754,0
39958,3
41990,1
52300,0
31995,1
20952,0
59752,3
50161,0
59520,0
40753,0
94847,1
82214,0
25364,0
21124,0
14998,0
20729,2
83316,0
76307,3
26081,0
58525,0
90159,0
84550,1
82687,0
60727,0
81344,0
19735,2
15671,0
5436,1
38728,0
59045,0
51346,0
5530,0
21646,0
22257,0
55517,1
98475,1
78596,0
41099,3
3341,2
12214,2
90609,0
3573,0
86247,1
31770,0
78197,1
3101,0
33665,0
21690,0
28271,1
16373,1
91627,1
63099,0
82791,2
62743,1
35440,3
41921,0
54209,0
32564,0
60979,2
58846,0
20647,0
70584,1
80049,0
869,0
4704,2
80179,1
93879,0
72325,0
42080,1
56701,0
78490,0
93168,0
8601,0
95881,0
82348,0
88535,2
80661,0
58441,0
88242,1
86882,0
22075,0
54371,0
86425,2
8026,3
41156,0
98022,0
84420,0
91568,1
58248,0
46641,0
86849,1
97590,0
49022,0
23072,0
60932,0
5581,0
51927,0
84650,0
58365,0
40198,1
61056,0
23053,0
55881,0
87060,0
40852,2
72225,1
35039,0
34375,0
19080,0
93426,0
26099,0
97147,3
87333,1
10885,0
71033,0
21120,1
87453,0
14990,0
88442,2
19195,0
17574,0
29226,0
74127,1
97839,1
60716,0
63682,0
80467,1
93939,0
12435,0
75118,0
36964,0
78560,0
78823,0
64453,3
76725,1
45614,0
29309,0
17918,1
37863,0
5752,0
43510,0
56781,0
60187,0
64360,2
21803,1
88108,0
25681,2
42570,0
12339,0
73991,0
18493,2
9134,0
74228,1
61677,0
82743,1
73748,0
99401,3
71380,0
9556,1
15292,0
77216,1
73850,0
43657,0
17751,3
16924,0
14078,0
261,0
67091,0
83303,1
26341,2
11287,0
89352,3
9106,0
81960,2
22630,1
11426,0
93698,1
12072,0
82797,0
86564,0
78982,0
78822,1
22027,0
20293,0
16787,1
66571,1
42425,0
88728,0
49167,0
30632,0
86127,0
37401,0
23493,3
22053,0
3885,2
77873,0
71489,0
7680,0
72717,0
50611,0
44474,2
29400,0
64583,0
69906,1
21336,1
73204,1
67055,2
16624,2
33621,0
53115,0
33322,0
76384,0
84808,0
47355,0
92361,1
16225,0
57544,0
96515,0
96506,1
85755,1
61828,0
44008,0
18327,0
33538,0
45648,1
6811,2
46131,1
49515,2
82563,0
68712,0
38927,0
45128,0
42244,0
60856,1
40752,1
5938,0
32335,0
20940,1
68455,2
97830,0
54843,1
66123,1
89979,1
44760,0
55451,1
56680,0
78401,0
33952,0
64131,1
96319,0
72200,1
27304,0
35396,0
29429,0
34,0
83174,1
35565,0
53215,0
29999,0
3917,1
43986,1
66095,2
45659,1
83310,0
63883,0
1066,0
63731,0
27221,0
56550,0
83557,0
25831,1
64,1
68640,2
15541,1
92627,0
94904,3
86934,1
94553,1
53092,0
59913,0
19500,2
68118,0
54573,1
59078,0
36455,0
22392,1
20171,0
68411,0
33944,0
95218,1
2158,1
22278,2
87251,0
38024,0
89188,0
83435,0
65230,0
74661,1
9114,1
38905,0
81159,1
9831,0
32716,0
75957,0
5600,0
22595,1
2000,0
72390,1
610,0
31344,3
18001,0
80421,0
15168,0
26727,0
31614,0
73653,0
24337,0
72947,2
96503,0
64668,0
89869,1
17965,1
15278,0
72085,2
84979,0
9955,2
71551,1
35457,1
63402,1
93600,0
387,0
36206,0
97736,1
61256,0
29617,0
75356,1
48121,1
33947,2
30881,0
40458,1
4990,3
23783,0
7500,0
76431,0
40408,0
80769,1
62975,0
21388,3
41839,1
4381,1
34973,0
70474,0
69026,1
93468,2
44364,0
63842,0
96344,0
18241,0
95216,0
31538,0
58578,1
27919,1
22665,1
3779,0
15961,1
16586,3
10410,1
92259,0
14325,2
29840,1
81806,0
27626,1
81200,0
26584,0
65779,0
44668,2
22964,0
88051,1
8820,1
31774,1
33593,1
59929,3
69084,0
15864,0
72761,1
87826,0
84595,0
48064,0
40811,0
77917,0
60817,0
78242,1
62886,0
41928,1
58815,0
84367,0
74606,2
62777,1
93872,0
13780,0
44602,1
40828,0
13455,1
50866,2
7154,0
3259,0
85947,0
93588,1
31334,0
47459,1
96884,2
92199,1
78625,2
91646,3
65600,0
60933,0
1259,0
92356,0
18372,0
83447,1
33599,0
52445,1
65004,2
80427,1
21558,0
230,1
82402,0
66563,1
71479,0
53001,0
59534,2
47321,0
64570,2
35392,2
4069,0
70158,1
51202,0
83641,0
64720,0
19773,0
8418,0
96726,1
16770,0
55107,0
90699,1
6341,2
75003,1
29239,0
64917,0
15415,0
50358,0
20120,0
49506,0
45161,0
97078,0
50267,0
69108,0
80248,0
25410,1
63466,1
72715,0
73207,0
41363,0
52638,3
94514,0
23527,2
50984,0
88311,0
14248,1
24609,3
18900,1
70854,1
92148,0
40339,1
39708,1
22203,0
81212,0
90945,0
97616,2
90818,1
65132,1
73483,1
87033,1
8977,0
40932,0
2517,1
74931,0
54322,0
45828,0
1916,2
79473,0
30208,1
45831,0
40050,0
21205,0
40641,0
13072,0
64172,0
53914,0
28906,1
21274,0
61467,3
92772,0
82150,0
96179,0
38333,0
33874,2
69570,0
54763,1
4948,0
83066,0
6119,0
42410,1
33546,2
49874,0
83418,3
44201,0
13950,1
94938,0
50974,0
13753,0
2679,0
56581,0
46685,0
98630,0
50669,0
83292,1
12708,0
81823,0
83734,0
60713,0
11775,0
7616,1
32472,0
57466,0
52173,1
42771,0
17883,0
70010,0
54390,0
44930,1
20038,0
86662,0
99318,1
17089,0
10739,1
32921,1
76231,1
11545,0
73906,0
19202,0
17845,0
5317,3
66736,0
34729,0
86010,1
47081,0
40925,0
17372,0
5954,0
43726,0
66988,2
19009,2
98451,0
45963,0
43585,0
27604,3
54627,2
92175,1
38131,1
25844,2
55008,0
67317,0
43010,3
61965,0
27696,2
50665,1
8351,1
60624,0
25539,0
79689,0
13015,1
47222,0
84265,2
5415,0
46081,3
97054,0
13642,2
32331,0
32844,0
59481,3
1920,0
61833,1
12064,0
83111,0
98949,0
34284,0
8583,0
6036,1
21979,0
13465,0
45668,1
3097,1
69215,1
54706,0
17836,0
87252,1
87729,0
34760,0
80491,1
36475,1
72748,0
20357,3
57079,2
34227,0
73649,0
71087,0
7043,0
16259,0
50697,0
89991,0
37272,0
78167,1
89523,0
32800,0
46483,1
20164,2
14844,2
37294,3
19711,1
6607,0
67880,0
32348,0
30375,0
56565,0
25051,0
16830,0
62019,0
54965,1
32551,1
50787,0
36512,1
32767,0
70680,1
77008,0
93647,0
41241,0
94409,0
99878,0
53854,2
52775,0
57633,1
98985,0
30850,0
56842,1
89253,0
82665,0
57078,0
87877,2
17490,0
58625,1
62765,0
66943,2
55484,0
28290,1
60719,0
54966,1
84436,0
47701,2
70706,0
68809,0
92129,1
93630,0
44166,1
64761,0
16543,0
92580,0
44810,0
2680,3
44248,1
80483,3
65591,3
99403,1
77350,0
12407,0
64932,1
80735,0
41314,1
94412,1
11379,0
17143,1
33302,2
7392,0
92656,1
95113,0
31016,0
56372,1
22832,0
13288,1
83853,0
28556,1
5880,0
60675,0
78818,1
96672,1
65623,0
24737,0
2899,2
75517,2
8131,0
18750,2
30521,0
38627,1
67145,0
92834,0
5481,0
51836,1
32516,0
83204,1
2933,1
58506,0
58075,0
56490,0
4655,0
21023,0
88250,1
83801,0
7707,1
83726,0
96477,0
6356,0
36639,0
38165,0
33419,0
89009,1
17234,1
90272,2
76268,0
67051,0
17890,0
46881,0
38765,0
53078,0
4467,1
39362,0
3864,0
35175,0
62901,0
54416,1
10508,0
10223,0
92809,0
14398,0
33879,1
26687,0
95134,0
88185,0
77598,0
69801,3
75216,0
14984,0
32240,0
19991,2
51664,1
93544,0
98466,0
4052,0
91408,0
69547,1
65277,2
58452,2
51526,0
68808,2
98593,1
4630,0
72909,0
39272,1
50300,1
983,1
5853,0
57713,0
34302,0
94731,0
26166,0
21049,2
92888,1
67293,2
49182,1
64100,2
76203,2
72954,0
28453,0
86141,1
34230,1
44751,0
208,1
18413,0
15923,0
21438,1
7769,0
730,2
72927,0
94104,2
14305,0
1168,1
92877,0
2382,0
19154,0
68690,0
78791,1
82979,1
28740,0
20915,0
7694,0
92613,0
68911,0
72242,0
66691,0
33788,0
10100,2
15941,0
11849,0
78360,0
21484,0
21390,2
67682,0
28169,1
62224,0
62261,1
84006,0
1516,0
66904,1
20373,0
97204,2
40794,0
35487,0
60497,0
74966,1
54555,0
86684,0
71248,0
38818,0
63666,0
31505,0
8808,2
91885,2
39456,0
46645,0
32248,2
15548,0
29382,0
62907,1
20188,0
41972,1
88008,0
52128,1
72017,0
78674,1
79845,0
54118,0
9234,0
79956,0
18216,0
96277,0
2404,0
91561,0
31285,0
3392,0
77231,1
41209,1
65060,0
62544,0
33738,1
66600,1
56367,0
11816,2
25185,1
86673,0
44925,0
53088,3
36582,0
85483,0
68236,1
35403,0
68845,2
78015,0
95846,1
62795,0
80425,1
86090,0
97041,2
73628,0
40211,0
99582,0
44337,0
25810,0
74404,0
90495,1
41413,0
7320,2
50941,0
10585,2
81033,0
4571,0
6203,0
98501,0
7898,0
38504,1
57169,1
18030,1
34594,0
63484,0
81348,1
41874,1
33305,2
63423,0
6445,3
11916,1
66052,2
63676,0
41147,2
22307,0
27731,0
6654,0
6304,1
48646,0
71655,0
54349,0
43368,0
13225,0
47988,1
18138,1
5469,0
56750,0
77929,1
89219,0
51261,2
58497,1
97485,0
15881,0
62545,2
8043,0
53863,0
84585,0
23404,0
6804,0
76516,0
9573,1
50498,1
25025,1
32184,0
25438,1
24733,0
48479,0
66759,1
77594,2
28338,0
48917,0
47109,0
29393,1
42052,0
64019,0
94260,1
98697,0
20297,0
70510,0
16959,0
86002,0
27933,0
47032,0
77589,2
16076,0
95963,1
37458,1
26622,0
88373,0
70218,0
88125,1
34867,0
32829,0
23043,0
46303,0
82070,3
79536,0
95921,1
74963,0
39527,0
39239,0
76186,0
56114,0
64808,0
30908,0
33251,1
46956,0
95635,0
85738,0
77777,0
20753,0
52313,0
52141,1
59770,0
20089,0
62186,2
13565,0
68091,0
80824,3
75505,0
55672,0
71080,2
78417,1
25352,3
93167,0
10964,0
55509,1
61180,0
36580,0
45537,0
35204,0
55379,1
8534,0
2078,0
10950,2
30510,0
46805,0
31354,0
80796,1
13570,0
3654,0
62499,0
72391,0
78524,0
12154,0
86939,2
49542,2
4525,0
91236,0
77219,0
35241,0
31606,0
96962,1
60643,1
82449,0
45809,1
6821,0
64898,0
41525,0
37657,0
32542,0
10547,1
46379,0
57376,0
31023,1
43133,0
13381,0
9856,0
78411,0
90287,0
99147,0
46629,0
50116,0
24055,0
21828,2
21955,0
68243,0
49529,0
52590,0
22617,0
23467,0
69826,0
40450,0
1047,0
14484,0
67056,0
62690,3
5852,0
88543,0
12156,0
79386,1
33279,0
6928,0
24335,1
20750,0
55519,0
87971,0
42319,3
60221,0
38967,0
97113,0
32098,1
53627,2
13819,2
56315,0
32723,2
98268,0
786,0
29682,3
27418,0
35309,0
70252,0
51057,0
36831,1
33171,0
22111,3
35371,0
78642,0
36152,0
40002,2
42492,1
61475,0
97955,0
19123,0
20296,1
8987,0
98064,2
93953,3
80408,0
81001,0
80298,0
21946,1
70875,0
58766,0
86448,1
4353,1
16053,0
8440,0
79316,0
22636,0
34195,0
13007,1
74235,0
13995,0
63612,0
33110,2
4163,0
97818,0
68130,1
31948,0
1135,2
45134,0
55079,1
92403,0
74969,1
97754,2
44302,0
29671,0
17262,1
44443,0
72952,0
72099,0
83464,1
31373,0
56974,0
78478,0
97697,0
53864,0
24480,0
89282,0
48878,0
40379,0
89481,2
39954,0
62719,0
4639,1
13325,0
53846,1
51736,1
40802,0
982,0
33391,1
57840,2
80090,1
77095,0
6260,2
2072,0
72782,1
31901,0
13595,1
6868,1
52330,0
94969,0
54535,0
12414,0
13851,1
15008,3
93811,0
44922,0
96013,1
37720,1
23618,0
60128,1
57987,1
93413,0
4090,0
87239,0
30233,0
70849,0
23662,0
1433,1
15766,3
96984,0
43598,0
5058,0
50912,1
99445,1
97381,0
89230,3
56732,0
79273,0
23595,0
79800,0
29831,0
38362,0
11949,2
27850,0
29852,2
90127,1
26149,0
82637,0
11676,0
79494,0
17043,0
91752,1
20881,0
73777,1
20436,0
13237,0
50366,2
4130,0
65905,1
71780,0
67755,0
39987,0
12174,0
83517,0
22610,1
65131,0
51044,0
30038,0
55772,0
86523,0
77108,0
20786,1
34384,0
88961,0
14892,1
34627,0
77700,0
11904,0
43356,0
84189,3
20770,0
72271,1
57297,0
58199,0
86579,2
73455,0
18607,0
89720,0
48857,0
72371,0
2468,0
16059,1
39901,1
73648,0
30841,0
37716,1
89605,0
45729,1
22654,0
2248,0
69247,1
49320,1
67173,0
88444,1
83465,0
20947,3
47769,0
93712,0
47439,1
26752,0
94697,0
93011,0
96199,0
43903,3
20592,3
6407,0
96947,0
34183,1
26998,0
64052,0
53814,2
79486,0
58143,1
86789,0
74862,0
69335,0
80540,1
28549,1
50684,0
90307,0
61116,0
71455,0
86085,0
58909,2
28408,0
56159,1
39624,0
12224,0
47027,1
68575,1
60905,2
68830,0
57716,0
33605,0
61013,0
7494,1
57607,2
58879,0
70306,1
87390,0
52374,0
88876,0
63015,2
82487,1
78483,1
4610,0
51073,2
17429,1
57589,0
41897,1
65777,0
80603,0
24329,1
13628,1
52786,0
53876,0
45986,0
28497,1
15430,0
60929,0
34505,0
49426,0
89694,1
6748,0
75533,0
46507,0
58387,2
46679,2
36767,1
41995,0
53865,0
23342,0
44865,0
97220,0
52670,1
70028,1
21961,3
75294,2
35359,0
29496,1
45958,0
51527,0
8342,0
27639,0
88339,1
34018,0
81867,1
92836,3
88282,0
22607,0
61583,1
84920,1
75500,1
42521,2
73233,1
94417,1
15673,2
8857,1
67687,1
95169,0
89580,0
17963,0
23631,0
71860,0
63310,0
78731,0
10594,1
82666,2
47450,0
34125,0
27386,0
25772,0
84077,0
20957,1
63956,0
85559,0
89048,0
54609,0
19007,0
17126,0
74787,0
90521,1
76876,0
91637,0
30025,0
91856,0
49215,0
82188,0
1545,1
36798,0
5396,0
48338,0
24452,0
61951,0
99953,1
36215,0
30640,1
79253,0
52467,0
57366,1
33841,0
65174,0
62477,0
55175,1
17022,1
34483,0
99596,0
26094,2
29359,1
64152,0
33770,2
77484,0
30171,0
86876,1
73781,1
54013,3
56573,1
84877,0
74387,0
43584,0
23984,1
43326,0
38956,0
81892,0
52058,2
49008,0
88991,0
64629,1
31070,3
22288,0
7323,0
20488,0
89751,0
32383,1
17420,0
61637,0
47881,0
68691,0
91394,0
5258,2
69337,0
98886,1
40870,1
70223,0
9230,0
81833,2
79301,1
53782,0
88541,0
70608,0
41454,0
32260,2
52939,0
446,0
72763,0
62435,0
61817,0
33575,2
82064,0
83041,0
89839,2
38296,0
13009,0
55234,0
13564,1
36738,0
9050,0
9385,0
99566,0
80835,0
4791,0
98843,1
63145,0
19341,0
77103,1
9013,2
68626,0
54854,1
33750,0
40791,0
23371,0
89499,1
35161,0
96284,1
23935,1
53712,2
21031,1
48545,0
65575,0
29385,3
96294,0
13185,0
11007,0
79110,0
8577,0
64959,0
61824,0
62713,2
5760,0
38903,1
29124,0
5990,3
44377,0
92971,0
85627,0
22352,0
76767,0
9136,0
9897,1
90802,0
8888,0
75756,3
42886,0
61968,0
29545,0
70856,0
63673,0
61603,1
25464,1
99568,2
26740,2
39470,0
31691,0
25818,0
76125,0
70959,1
70045,0
1982,1
66631,1
54421,0
33650,0
27915,0
97836,1
11761,2
85834,0
10967,1
10657,1
52916,0
6569,1
61576,0
61208,0
23827,3
2014,0
93527,1
4680,1
57008,0
51692,1
15712,1
66501,0
34119,0
29025,0
34634,0
21309,0
21179,0
59034,0
78143,0
86615,0
92285,3
84518,0
73107,0
65699,1
2821,1
12325,0
12132,3
72786,1
65573,0
44995,0
25291,0
51842,0
25100,0
36737,0
20841,0
99001,0
25338,1
3968,0
43204,1
76950,2
90725,0
85141,0
78100,2
86165,1
83453,0
85645,1
55389,0
15472,0
70077,0
72706,1
1107,3
84251,0
35136,0
40504,0
10450,0
97214,0
68251,0
53456,0
9615,1
84805,0
58192,1
84824,0
20958,0
85411,0
1623,0
12239,0
44074,0
77885,1
99267,0
74310,0
81906,1
43389,0
27827,0
66200,0
46174,0
6332,0
69153,0
95213,1
95648,0
18451,0
73927,0
46509,1
57037,0
37726,0
72108,0
82662,0
33116,0
84326,3
73741,1
25489,0
96966,2
57188,0
8100,0
65733,2
97567,1
16750,3
31992,0
46861,0
93232,0
76568,2
98061,1
68009,0
36018,0
73193,0
87401,0
62366,1
18826,1
33858,2
82843,2
61212,0
80888,0
97762,0
39244,0
12091,0
55926,0
91903,0
99240,0
27884,1
35152,0
49560,0
55609,0
61449,0
88986,0
28893,1
99364,0
44342,0
9779,0
39215,0
47438,0
18499,0
88279,0
98770,0
91393,0
97223,0
85269,0
99799,0
2616,0
8681,0
82176,1
14834,0
6432,1
20844,0
1245,0
42605,0
78807,1
43784,0
29782,0
17199,1
40311,0
45903,0
80964,0
16811,2
88560,1
65878,0
17868,0
64091,0
24579,0
66976,0
32792,0
54112,0
96576,0
56665,0
98642,0
34654,0
51562,1
49470,1
72923,1
71868,0
29549,1
80886,0
35852,0
78257,0
345,1
48378,0
79206,0
45534,0
10998,0
20945,0
80565,0
2598,0
60717,1
30898,0
24081,0
23037,0
97128,0
99373,0
35616,2
81624,0
47941,1
13629,0
23673,0
44666,1
22155,0
5238,0
49601,1
4190,0
45119,0
8811,0
12889,0
88357,1
55445,0
85316,1
62072,0
86993,3
99707,1
49311,0
13764,1
58868,1
3765,0
22147,0
27067,2
87244,1
30003,0
9332,0
25204,0
81898,0
70738,1
71142,0
56195,1
58958,1
36838,0
5701,0
85915,1
50628,0
12873,0
87616,1
91209,0
20827,1
55195,1
73375,3
20937,0
26135,1
16072,1
84042,0
85912,3
13505,0
72251,0
58867,0
521,0
39501,0
44075,0
46189,0
17215,0
68940,0
22033,0
84259,0
50779,0
27781,0
42691,1
5499,0
90424,1
44473,2
760,1
24797,0
49133,0
38388,2
82461,0
8657,1
20232,0
24705,0
20883,0
7270,0
57038,2
22082,0
77105,1
26142,2
81546,0
61522,0
32027,0
19092,0
2767,0
64656,2
22661,0
11899,1
40251,0
45413,0
67425,0
84404,0
99044,0
96332,0
55615,1
39770,2
82957,0
32092,1
48603,0
62797,1
12097,0
56390,1
71130,1
5731,0
83730,0
13658,0
52451,0
67866,0
25532,3
95,0
73600,0
59259,0
80740,3
7457,2
88617,0
15700,0
49063,0
31349,0
66116,2
28129,3
46564,0
1081,0
91968,0
88362,1
54280,2
32537,0
20613,0
50882,1
92734,0
4722,0
27677,1
53312,2
94861,0
23969,2
88024,0
78983,2
3197,0
69176,1
67867,3
11549,0
62769,0
85365,0
80803,0
91743,1
72800,1
80385,1
20222,0
44182,1
87120,0
94322,0
96034,0
33121,0
8839,0
3279,1
26353,0
88901,3
95991,1
43955,0
11188,0
1760,0
3174,0
48009,1
45769,0
46268,0
51815,0
2910,0
47071,0
48271,2
69250,1
24759,0
78861,1
78151,0
76908,0
37060,1
45723,1
32283,0
17788,0
44784,0
83767,2
75243,1
12703,2
59894,0
848,0
54503,1
48864,0
30089,2
59508,1
63007,0
50103,0
16296,1
76742,0
63495,1
73997,2
51350,0
54580,1
11939,2
95293,1
46741,1
74960,1
79895,0
15963,0
59516,0
64825,1
7600,0
34735,0
60583,2
73922,1
12282,1
96097,1
67723,0
84091,1
84521,0
84890,0
62273,0
68833,1
32600,0
67897,0
56033,0
60916,0
5950,0
20868,0
33620,0
16227,1
1208,1
99981,0
10972,0
94868,0
21398,2
11915,1
84365,0
6976,0
25448,0
32618,0
43216,0
36334,1
37338,0
24023,0
88693,3
47819,0
62858,0
76965,0
72897,1
65425,0
37415,0
72466,0
20847,0
70811,0
75857,0
38746,2
62379,0
6834,0
53533,0
97355,0
21432,0
76739,0
36892,0
44833,1
49517,0
33329,2
84356,0
6690,0
95133,0
35032,0
12290,1
85010,1
70590,0
63655,0
71139,1
544,0
66365,0
82145,1
61488,0
10400,1
11774,0
64385,0
9830,1
49638,1
35846,3
91581,0
77228,1
68196,1
23959,0
14113,0
44292,1
20508,1
59732,0
39800,0
59858,0
55951,0
30591,0
72082,0
38749,0
4687,0
80605,0
97400,0
82368,2
29842,0
1901,0
41346,1
10568,0
66558,0
70603,0
37531,0
45329,0
59478,0
7594,0
992,0
59014,0
19746,3
25527,1
17695,0
40395,1
45448,0
77128,0
66348,1
78497,0
49441,3
51603,1
70507,0
38438,0
1852,1
96150,2
84033,2
40699,1
94897,0
69045,0
56712,1
16655,0
29439,0
94054,0
18672,0
68165,3
84111,1
52552,1
54343,1
63774,2
35818,0
54094,2
4295,0
16390,2
27885,0
71200,1
51063,1
66549,0
9452,1
62680,1
94187,1
68525,1
83183,0
32848,2
62753,1
56304,0
86933,0
26137,0
93002,1
38002,0
74313,0
88835,0
56359,0
72614,1
6082,0
6622,1
82900,0
51326,0
74385,0
43492,0
54526,0
74546,2
29765,0
22907,0
76303,1
42338,0
38154,3
32243,0
16744,0
85597,0
77909,2
30762,2
99803,1
54309,1
51733,0
31384,0
86987,0
98127,0
76132,0
61108,0
87889,1
89648,0
4085,1
97925,0
55053,0
67954,1
28899,2
9416,0
25913,2
26893,0
32012,1
31444,0
9064,0
61433,0
22280,0
89557,2
76941,0
35355,0
34803,1
32626,0
37620,0
80198,0
16871,1
41291,1
30350,0
72948,0
48045,1
41699,0
86748,1
9484,0
90297,0
47330,2
8001,0
98667,0
11920,1
99382,0
43642,1
98582,2
24402,0
96928,1
31321,0
21710,0
97099,1
39142,0
2368,0
6886,0
65566,3
25823,0
57723,0
31274,1
53004,1
27054,0
97052,0
14258,0
5081,0
7905,0
59445,0
74571,1
93720,0
3953,1
19878,1
26554,2
23129,0
40957,0
71462,1
91137,0
62105,1
40608,0
1827,0
90991,0
90301,0
65406,0
67350,1
45076,0
53301,0
31316,0
54592,2
5795,0
88525,2
44741,0
34623,0
73750,0
28077,0
66889,2
26924,0
27545,0
11684,0
69435,0
63216,1
65802,1
45955,0
32567,0
33800,0
60839,0
72789,1
7568,1
85656,0
79370,0
20582,0
75939,1
71406,0
41443,0
3393,0
89612,0
37482,0
80892,0
56666,0
47748,1
86000,0
91721,0
65932,0
19466,0
29324,0
49,0
18228,1
95940,0
30082,0
93241,0
92973,0
50054,0
77291,0
68240,0
88592,0
4310,0
12289,0
6605,1
79812,0
35920,0
69709,0
28344,2
57089,2
59480,0
67507,0
51120,3
26091,0
88700,3
38380,1
8194,0
44249,0
61194,0
38685,0
88496,0
29554,0
70346,1
33610,0
24538,1
22391,0
58902,0
7798,0
78605,0
72638,1
10317,0
78950,0
79816,0
64096,1
40133,0
13589,0
32672,1
74756,0
71787,0
10628,1
97583,0
62594,0
54303,0
74055,0
15363,3
3900,0
56056,1
80558,0
43551,0
71093,0
38343,3
84092,1
10209,1
10398,0
12222,0
90290,1
1183,0
42784,0
36748,0
98023,0
8291,2
41034,1
48497,0
46758,0
8684,0
62860,0
49435,0
50939,0
87455,1
81811,0
50345,2
80759,0
16646,1
48967,2
58562,1
31946,0
79222,0
75590,0
48647,0
97721,0
38035,0
49088,1
6309,0
13158,0
36259,0
12870,0
13513,1
85701,0
63735,1
4201,0
31530,0
65538,2
57161,0
32159,0
5285,1
58693,0
65275,0
66872,0
3780,1
10020,0
38910,0
24717,0
70056,0
82112,1
94131,0
46083,3
78040,0
26426,0
34349,0
59305,1
2637,0
75690,0
60773,0
73007,1
68392,2
6289,1
99184,0
65840,1
20843,1
61529,1
96090,0
31841,0
97803,0
7307,1
87642,0
9702,0
35351,0
84863,0
29977,0
9806,2
70383,0
87344,0
32641,0
84481,0
63605,0
54090,1
72548,2
4432,3
45400,0
61008,0
98394,0
57105,0
51029,0
89882,0
82668,0
11075,3
46922,0
95519,1
40640,1
6922,0
89460,0
62575,0
7635,2
70465,0
1945,3
93816,0
59575,2
87693,0
99629,0
54960,1
76830,0
63352,0
8907,2
62437,2
84197,1
78072,1
76158,0
34647,0
56283,0
74075,2
77875,0
1412,0
39817,1
6766,0
21003,2
13227,1
51114,0
31829,1
86834,0
25411,0
74553,1
24640,0
32663,0
67095,0
9438,0
49596,0
4997,1
19061,1
8133,2
22281,2
37086,0
19589,0
67722,1
5292,0
73576,0
35073,0
90986,1
91175,1
26328,0
48735,0
9308,0
89291,1
79383,0
9100,0
14777,0
20139,0
53134,0
93319,2
36587,0
87093,0
48000,1
26751,2
613,0
41497,2
75334,0
93037,0
11098,0
13321,0
18909,0
62967,0
83821,1
71608,1
43705,0
58769,0
24570,0
39055,0
27971,0
39558,0
20070,1
69223,0
14539,1
40893,0
41367,1
26539,0
28507,1
31466,1
25427,0
51072,0
55059,0
64646,0
12410,2
67664,1
49495,1
32378,1
16934,0
14696,1
52905,0
87904,0
84815,3
94426,1
45628,0
9201,0
28938,0
63421,0
27245,1
4323,0
28440,1
72104,0
48018,0
50343,0
83773,1
2269,0
91939,0
28057,0
53723,1
54434,1
83321,0
49338,0
56583,0
71473,0
91451,0
66226,0
84884,2
78966,0
99174,1
5437,0
78662,0
40038,0
98534,0
41814,1
89156,0
73635,1
62591,0
59364,0
44536,1
97206,1
86947,3
44811,0
50777,1
37358,0
74332,1
35585,1
19255,1
81260,0
47847,0
60684,0
29350,0
8674,1
89672,3
26120,1
90187,0
53543,0
4108,0
10719,1
96373,0
789,2
31790,1
5035,1
16082,0
94116,1
33180,1
18574,0
2053,1
42963,0
75845,0
26679,0
53700,0
47138,0
78869,0
43137,1
8972,1
39124,0
91923,0
85895,0
1499,0
26245,0
86422,2
52088,0
45572,0
89550,2
47884,0
94821,2
50001,2
78987,0
88490,0
78238,1
40306,0
31361,0
89838,1
59151,0
34102,0
45178,2
90804,2
18107,0
95470,1
48524,0
87848,2
73117,0
14910,1
9778,3
18046,0
82345,0
52924,0
11692,0
5175,1
23671,0
49283,0
90587,0
88551,0
80822,0
46003,2
67649,0
44112,2
86571,0
95211,0
3811,0
17862,0
83378,0
17692,0
57949,1
13219,0
55282,0
45374,0
49743,1
17757,3
9882,0
38077,0
70769,0
57223,0
42809,0
93992,2
1918,1
48343,0
67582,0
40453,2
40887,0
1375,0
47950,1
15209,0
45266,0
73540,0
73604,0
94700,0
9885,0
98238,0
71153,0
89640,0
85910,0
88950,3
69981,1
42426,0
59495,0
78561,0
37032,1
27854,2
21922,1
6982,0
12977,0
98338,0
42196,0
68282,2
88137,0
38357,0
92945,1
25589,0
21097,0
32943,1
4070,3
48634,0
87466,0
55009,2
75664,0
33674,1
11756,0
41495,2
9993,0
62003,0
35592,0
59084,0
20675,0
71292,0
62137,0
49444,0
82875,0
96222,0
29312,1
50268,0
89297,0
35303,0
54571,1
18021,0
90990,0
10307,2
73113,0
20652,0
76792,2
60285,1
56886,0
23420,1
97938,1
22858,0
18380,0
37455,0
20500,0
28192,2
4448,0
82907,1
81070,1
79443,1
60481,0
89099,0
1551,0
60057,0
60784,0
81375,1
12209,0
86287,1
81665,1
44982,1
35376,2
62036,2
13761,2
87767,1
5494,0
64440,0
75642,0
58404,2
51830,0
66492,0
59679,1
27137,0
16023,1
11746,1
87832,1
79404,0
63407,1
57007,0
35517,0
57023,0
49668,3
92147,0
39690,0
61394,0
17924,0
63561,3
37708,1
59027,2
72635,1
72652,3
42837,1
30525,0
69443,1
96082,0
73181,2
11281,3
32501,0
44139,0
31402,0
15199,0
83402,0
61863,0
52127,0
13777,1
11235,1
79480,1
3657,0
89349,0
93956,0
78752,2
99213,0
32094,0
74363,0
99294,0
98608,0
56255,0
55604,0
97748,0
18990,3
48382,0
48281,1
23902,0
35560,0
33746,0
68591,0
52296,1
98793,3
22084,2
66075,1
84615,0
40468,1
3776,0
40912,0
65534,0
14817,0
27192,0
78845,1
45790,1
26754,2
11827,1
65801,0
53622,1
17510,0
74757,1
93898,0
1939,0
26015,2
80114,2
96204,0
5487,0
33379,0
34564,2
2041,0
47716,1
56978,0
35750,0
60579,0
14097,0
19218,0
35997,0
21184,0
77556,0
91356,3
24730,0
57233,1
91725,0
60382,1
81540,0
29244,1
14985,0
95178,0
64705,1
55833,0
90431,0
57015,1
35480,0
43072,0
73792,1
84698,0
11,1
88889,1
84127,0
57763,0
45915,0
63547,3
18156,0
13187,0
3360,0
20168,1
29201,0
82295,1
57201,0
63658,0
92064,0
36140,1
70256,0
13531,1
84442,0
88299,2
80582,0
60201,0
32883,0
60014,1
93982,0
30361,0
42275,0
5818,2
3813,1
43440,0
24710,0
13722,0
99419,1
61334,1
88457,0
26996,0
75155,0
5005,0
19627,0
29753,0
30851,0
30175,0
37382,0
72617,0
69218,0
11133,0
96562,0
56342,0
73044,0
96513,0
46190,0
86476,0
44231,0
20225,0
19852,0
30344,0
89597,0
17409,1
91204,0
79125,1
45053,0
81456,1
31181,2
32368,0
90383,1
83446,1
63946,1
37819,0
35969,0
41890,0
50877,0
79320,0
26706,2
44438,0
56153,0
70629,0
53740,0
57003,0
80781,0
28499,0
78375,2
18263,0
26903,1
15416,0
37035,0
61144,0
97822,0
87085,1
44609,0
28394,0
47101,2
14161,0
35856,0
66173,1
76958,0
41530,0
24663,0
76001,0
67242,2
87688,1
55336,1
57712,2
58929,0
79857,0
54107,0
58707,0
6358,0
95194,2
89194,0
91073,0
70118,0
74437,1
93941,1
90938,0
40128,0
50893,1
89418,2
72747,0
43756,0
15104,3
85560,0
65904,1
89719,0
85684,0
17786,0
57853,1
758,1
48107,1
17984,0
6394,1
78037,1
26749,0
53152,0
34614,0
42538,1
16029,0
6297,0
90613,0
29814,1
27083,1
49160,0
37385,0
3445,2
53725,0
2251,0
62346,0
23418,0
43501,0
2385,1
60222,0
11833,0
37828,0
16090,0
37642,0
87981,0
88235,1
82083,0
53031,0
20512,2
85511,0
61588,0
77986,0
27118,2
44395,2
13876,1
17286,0
2288,0
60808,2
58662,0
484,0
55563,0
41496,0
21667,1
71901,0
11448,0
11147,3
25629,0
35539,0
38710,1
88453,0
5645,0
50802,0
91915,0
49970,3
14257,1
10951,0
98505,2
38309,1
46239,0
51973,1
68596,0
10379,0
77702,1
30263,1
84524,0
4553,0
16203,3
30124,0
61131,1
17498,0
65610,0
3605,2
73536,1
47514,1
80799,1
64666,3
73833,0
27801,0
45680,0
26345,0
73853,1
1629,0
47660,0
15088,0
6128,0
99536,0
80307,1
33392,0
9710,1
24896,0
96880,0
30603,0
22501,1
70552,1
97820,1
71031,2
54694,0
36538,1
63929,0
62779,0
89018,1
83880,1
70220,0
20837,0
33827,2
56745,1
6272,0
24976,0
28994,1
31243,0
87331,1
60083,0
21384,2
42976,0
23575,1
87498,1
32249,1
57393,0
45281,1
15235,0
39439,3
27091,0
94082,1
22567,0
17579,0
95044,0
83702,0
43117,0
7591,2
51235,0
62317,0
72573,0
88549,0
97024,1
1879,3
11480,0
37633,0
42577,1
59855,0
21354,0
88160,0
85718,0
57196,0
72883,1
51267,1
64392,0
16759,1
12522,0
88922,1
59838,1
19099,2
47867,2
21824,2
2929,0
47870,0
89218,2
48543,0
6990,0
41165,2
9418,0
77363,0
6440,0
94909,0
26077,1
69418,0
88075,1
92835,2
54514,0
39655,1
29085,2
54662,0
98284,0
39336,0
28414,0
32144,0
55642,0
21660,1
24214,0
22474,1
72081,0
75004,0
85939,1
30090,0
36479,2
36958,0
16866,1
69617,0
95645,0
14203,0
44900,0
77246,1
12752,0
16312,2
10024,3
93400,2
68472,1
18386,0
26755,0
49823,2
69763,1
11261,0
86884,0
84407,0
40278,0
34604,0
52631,0
83689,0
56739,0
83162,0
92705,0
18606,0
46630,0
28080,0
47651,3
19684,0
67368,1
609,0
94597,0
23466,0
95895,0
94505,0
4906,0
62934,1
53624,0
50018,0
23990,0
19013,0
10217,0
88715,1
69382,0
69748,1
27070,2
24527,0
557,1
33582,0
34736,0
85921,0
57126,0
69966,0
18687,0
78021,1
24097,0
7998,0
31591,2
94971,0
84949,0
39301,1
63600,1
47312,0
96301,1
51549,0
45254,0
54705,1
80960,0
6609,2
85650,0
87524,0
32032,1
84972,1
57906,1
69876,0
21253,0
94688,0
96922,3
27120,0
51712,0
79623,0
9678,1
33970,2
71644,2
12058,0
82881,0
38406,3
81682,0
90800,2
6173,1
72473,0
86289,0
83749,0
57818,0
50550,1
20625,1
95234,1
28309,0
91111,1
65078,0
81289,2
47144,0
29631,1
55401,0
83263,1
8063,1
39810,0
8617,1
33238,0
54307,1
99911,3
64271,0
60091,1
64550,0
1437,1
8050,0
31396,0
20908,3
96300,0
42408,0
29880,1
87742,0
15186,1
23126,1
96637,0
11626,1
55711,0
83977,1
97461,0
32316,0
91957,2
7303,1
89079,2
70407,2
16691,0
57779,0
69697,0
81796,1
19957,0
44689,0
43161,0
51231,0
60286,0
73718,1
62763,0
52460,0
56215,0
35149,0
68988,1
81786,1
13738,0
48578,0
58274,0
22969,1
9800,1
17329,0
51701,0
49004,1
26717,1
31567,3
64587,2
9967,0
68836,0
65576,1
13970,3
75754,1
43573,0
33604,0
39222,0
27873,0
44431,0
5671,1
59638,0
9148,1
90325,1
59470,0
72864,1
87164,0
87695,0
82446,1
6156,0
90172,0
75796,0
52554,3
36413,0
37918,0
636,0
5381,0
87589,0
57221,0
30347,0
88425,0
18808,0
5995,0
79727,1
14190,1
86576,0
15982,0
14136,1
37027,1
19499,0
80637,0
53831,0
64084,1
47736,0
21854,0
22990,0
99721,1
25993,0
74639,1
22664,0
68159,1
15945,1
58812,1
13425,0
30997,0
36168,0
80033,0
25944,1
26111,2
89186,1
25177,1
58897,0
59984,3
74665,1
20211,0
76905,0
84342,0
61627,0
26312,2
38194,1
62026,1
69251,0
37955,1
30950,1
72157,1
3437,0
91955,1
69791,0
27749,0
99612,0
8449,0
14853,1
60015,0
34612,0
47017,0
87685,0
34866,0
77997,1
76985,1
8716,0
50710,1
64715,0
41136,0
22509,0
24225,2
80833,0
28717,0
7100,0
77921,0
70230,1
71043,0
63991,0
51325,0
96318,0
4514,0
77678,0
76321,1
90506,0
72744,1
70106,0
78715,0
57588,0
59336,0
92120,0
27068,1
31563,3
68971,1
7875,1
17382,0
13247,0
87508,0
25531,0
78050,0
61039,1
62867,0
70514,1
57202,0
67377,0
45926,0
14502,0
83656,0
1307,3
56328,0
76940,2
48590,0
15374,1
52727,2
27133,0
41186,0
72972,0
70263,0
62295,0
95441,1
88867,2
83420,0
34969,2
8232,1
73499,0
30461,0
13804,0
65477,0
31197,0
24998,0
29188,0
12219,1
38971,0
92726,1
3519,0
47224,0
37728,1
91091,0
81976,0
76588,0
29321,0
31287,0
49268,0
80208,2
13019,0
94884,0
58264,2
10914,3
42335,1
66641,1
17442,0
30734,1
67928,0
41786,0
72651,1
87270,3
22105,0
25575,0
91238,0
79460,0
82482,3
98330,0
84031,0
40950,0
96353,1
33734,1
86961,0
11709,0
3192,0
82158,1
22767,0
47836,3
16605,0
2347,1
31050,1
56398,0
21731,0
22315,0
83928,0
58483,2
57874,0
5940,3
64213,1
16730,3
7541,0
6809,0
32631,1
16886,0
18892,0
15299,0
52876,0
60686,0
20138,0
86530,1
7838,0
38043,0
51522,0
59717,0
87533,0
71135,0
66030,1
47928,0
57114,1
71475,0
63132,1
12819,0
88994,1
12140,1
55367,0
21802,0
40921,0
81724,0
50962,0
71509,0
64769,0
75221,0
91949,0
2458,0
24789,1
54350,0
21994,0
20119,0
87726,0
56074,0
66838,0
68351,1
15272,1
15394,0
86310,0
61165,0
47677,0
49248,1
51576,0
61726,0
7429,0
10032,0
10086,0
85621,1
17370,0
65423,0
46280,0
15138,1
397,0
87724,0
1150,0
79749,0
31108,1
44688,0
11983,3
27361,2
87352,0
71983,0
77974,1
72374,0
84790,0
1788,0
43371,0
86089,0
31283,1
19814,0
20213,0
63406,0
34251,0
15694,0
8753,0
71219,3
80200,3
30062,0
91592,1
30187,0
68093,0
65719,0
99200,0
84833,0
99869,0
94360,1
97499,2
10159,0
65172,0
46338,0
61435,0
77076,0
33899,0
82268,1
97472,1
33898,0
18682,1
77968,0
44817,1
80832,0
18330,1
55447,0
19933,2
70553,0
91960,0
60008,0
77755,0
61236,0
26970,1
64837,0
76921,1
72813,3
48968,2
33832,2
46301,0
75452,1
28755,2
367,0
15326,0
99457,2
17874,0
97550,0
76497,0
86402,3
68247,0
32784,0
17558,0
52158,0
74753,0
52494,3
90900,2
13955,0
96601,1
74405,0
10185,3
57474,0
27555,0
1620,0
76969,0
45373,2
35422,0
47889,0
24316,0
71606,1
40081,1
99669,0
70664,1
52565,2
33360,0
1580,0
73916,0
12983,1
92743,0
86547,0
36108,3
83332,0
19091,1
92727,0
46897,3
56035,2
70577,1
41576,1
85853,0
10785,0
72950,2
61769,0
48265,1
70797,0
36898,0
30798,0
26230,0
40436,0
7399,0
33296,1
14180,1
18971,0
86477,0
20216,0
55263,0
21445,1
21780,0
79509,0
6184,3
4833,0
79588,2
30117,0
47518,0
47298,0
66735,0
58629,0
46079,0
1548,0
67453,1
95845,0
14590,0
16861,0
39271,0
71293,0
67952,0
97274,1
13504,2
1039,0
57939,0
69591,1
77042,0
56333,3
26379,1
21630,0
73859,2
34381,1
80918,0
43676,0
29728,0
2473,2
2997,1
86685,1
19449,1
12730,0
80560,0
67955,0
82898,2
53093,3
15556,0
70674,2
94035,2
83182,1
14750,1
40346,0
54049,1
6386,3
72633,0
20165,0
82604,0
56514,1
83380,0
41080,1
50894,0
55861,1
73923,1
77647,0
4221,0
53449,1
48761,2
72649,0
40567,0
28146,0
38116,1
77630,0
6840,1
44086,1
43290,3
99230,0
88731,0
46021,0
7985,0
57433,0
30275,0
76162,0
62973,0
39764,0
78422,0
16846,0
55527,1
82694,0
72970,0
79852,1
22701,0
19793,0
25630,0
19625,0
82719,0
47583,0
49040,0
88545,0
55193,1
81719,0
75759,1
44102,0
95063,1
63113,1
78851,0
43479,2
17785,0
33732,0
83672,0
53749,1
75052,0
42131,1
93454,0
63256,0
28529,3
68710,0
67725,1
27344,0
62023,1
38580,0
61217,1
28104,1
74538,0
93409,0
55169,0
78203,1
91285,0
65596,0
47955,1
3508,0
57909,0
44259,0
88467,1
95757,0
15178,1
38616,2
14824,0
86949,0
22650,0
60466,1
15895,0
74821,0
34386,0
29797,3
10053,1
75539,0
16143,0
77348,1
5902,3
58278,0
92511,3
17039,1
71041,0
78952,0
92277,0
63778,2
19211,0
64788,0
74223,0
25799,0
97253,1
79686,0
22461,0
81239,2
20858,1
60468,1
43215,1
87572,2
72796,2
21304,1
4789,1
22960,0
14227,1
84480,0
97158,1
44464,2
94550,0
55283,1
21413,1
64748,0
5128,1
80335,0
44278,0
21319,1
53037,0
10626,1
40735,0
62065,2
17297,0
28126,0
63860,0
32214,0
20645,2
25344,1
42925,0
22162,0
37675,1
53129,3
63480,0
6970,0
88682,3
70721,0
38342,3
4557,0
39736,2
19919,1
35092,0
26492,0
48439,0
63302,1
69745,0
26195,0
94825,0
67096,0
60255,0
52221,0
61272,0
69995,0
36649,1
85110,0
39490,1
60505,1
1013,0
82892,1
85925,0
38762,0
56415,0
65640,1
55949,0
69851,1
902,1
9459,1
44857,0
44488,2
66337,1
76288,0
24445,0
46547,0
97169,0
4216,0
58659,0
23793,0
54155,0
60517,1
68313,1
12302,1
25605,1
59069,0
74947,0
38005,0
35185,0
76802,0
26639,0
23491,0
84929,0
60598,2
86498,0
22258,1
81514,0
70725,0
99705,0
88706,0
66774,0
16140,0
56503,0
84216,2
49018,1
12226,0
4910,0
27033,2
85550,1
52065,1
38384,1
85754,0
26656,0
83045,1
80594,3
91203,0
45822,0
92997,0
86779,3
22239,0
26136,1
57509,0
50336,0
88124,2
87305,0
58613,0
77419,2
47088,2
33211,0
53832,1
74049,0
81721,0
29719,0
70439,1
25692,1
57408,0
43943,0
61072,0
54180,0
89417,0
59758,0
27384,0
19039,1
34941,0
70736,0
94359,0
97162,1
25114,0
89379,0
33025,3
76375,0
62942,0
96128,0
86901,0
14599,0
470,0
26386,2
62646,0
81384,0
53216,0
61339,0
33340,0
17932,0
72582,0
7140,0
42726,2
36336,1
93864,0
65467,0
82053,0
55088,0
258,0
24856,0
73373,0
79754,0
30326,0
87055,0
10155,0
64412,1
57439,0
82193,0
82408,0
58520,0
38530,1
32963,0
47770,0
66906,2
88674,1
98198,0
58113,1
66289,0
85226,0
47763,0
97476,0
6798,0
52906,0
57732,2
64589,0
53289,0
95944,0
61426,0
6859,0
3700,0
57858,1
8036,1
39467,0
94807,0
6706,0
39612,1
2383,1
30401,0
43723,0
31418,0
21174,0
19488,0
65616,0
68224,1
32162,0
30108,1
98008,1
53827,0
33306,0
23323,0
76694,0
77623,1
11407,0
98780,0
37429,2
32147,1
16497,0
81360,2
28516,1
44357,2
48609,2
36151,1
47317,0
93722,0
42264,0
48010,1
8999,0
77020,0
85481,0
55371,1
25948,3
30582,0
43594,1
20496,0
58561,0
36054,0
91327,1
65388,0
27420,1
47783,0
29306,0
39962,2
20389,2
4640,0
66008,0
25510,1
14518,0
9392,2
63520,0
97798,0
17691,3
62324,2
50189,0
40766,3
70137,0
77530,2
29932,0
42514,0
67885,0
66254,0
59837,0
19872,0
28097,0
21871,1
41048,2
31394,0
95122,0
71386,0
91127,1
49783,1
48923,0
89790,0
54072,1
37643,0
24159,0
93347,3
19006,2
94034,3
54345,1
44147,0
89408,1
15241,0
24403,0
88058,0
68121,2
35363,0
55524,0
82982,0
76804,0
16091,0
38920,2
68496,0
96429,0
29305,0
61718,0
13967,0
67062,0
15797,0
87569,3
38320,1
16664,0
32611,2
53446,2
67555,1
80013,0
42181,0
46719,2
42803,0
32908,0
69792,1
38607,3
204,0
64349,1
41623,1
28294,0
41612,0
11974,0
24887,0
50548,0
56061,0
14847,3
50124,2
14076,0
24784,1
49359,0
22774,0
6044,0
47778,0
36103,0
7804,0
79920,1
21485,1
70524,2
37776,3
77792,0
87799,0
96216,1
42293,0
56366,0
89555,0
83201,3
61702,0
85145,0
13508,0
62284,0
18692,1
42258,0
9594,2
95461,0
26972,2
27066,0
2705,0
16598,0
82272,1
20610,2
13626,0
46321,2
80197,1
57316,0
6610,0
49994,3
76373,0
30565,0
45444,0
64844,1
60344,0
95723,1
12360,0
50729,0
61849,2
62128,0
36807,1
85579,0
83097,0
90798,0
94447,1
73662,0
2020,0
77019,2
57304,0
44058,0
641,1
81060,1
11222,3
56427,0
69204,0
3045,0
25594,2
14553,3
70660,2
92025,0
55351,0
79204,1
35790,2
52928,1
78587,0
54578,0
60135,0
51141,0
24387,1
89688,0
68760,0
51593,0
72664,0
26760,0
80437,0
80390,0
58664,1
82965,0
78547,0
11323,0
6378,0
7736,0
76314,1
7232,0
88003,0
10096,0
34586,0
45774,1
86990,3
81799,0
97968,2
97240,0
60611,0
95271,0
85721,0
43993,1
41602,1
95230,0
26636,0
85803,0
26347,1
99861,0
39862,0
80821,2
37929,0
3384,0
47416,0
17901,1
62560,1
17717,2
7317,0
66667,1
46663,0
24260,0
6053,0
90970,0
30327,2
37897,2
68106,0
58124,0
65450,0
24513,1
98617,1
50041,0
7561,1
96214,1
80047,0
95487,0
65443,0
83770,0
54684,0
64470,1
88011,1
93279,1
883,0
14529,1
29213,1
80615,2
23727,1
37422,0
10388,0
76043,1
5787,0
8994,2
69621,0
65268,0
17196,0
81425,0
32617,0
16182,0
94230,0
43526,0
50559,0
13390,0
54974,0
50047,0
22071,0
60396,3
78890,0
34308,2
40812,0
26596,0
51322,0
61050,0
43690,0
51595,0
42677,0
91294,2
42941,0
67390,2
99046,1
33479,0
94285,0
59169,2
71206,0
54837,1
96772,1
72778,0
77505,0
70421,0
13648,0
12401,0
40985,0
72113,1
85204,0
21377,0
49951,0
81377,0
60467,1
68703,1
78071,0
29137,1
30321,0
91812,0
61539,0
42891,0
81357,1
34783,1
86304,0
79161,2
21611,0
27591,0
38302,0
67588,0
96610,0
11810,0
12866,0
46887,0
33681,0
4269,2
19225,2
48426,0
8512,0
15826,1
74655,2
65033,1
43890,0
34980,0
6517,1
19710,2
87053,0
14240,1
48290,0
89686,2
80816,0
64417,1
4968,1
82738,0
45553,0
56789,0
80183,0
62664,2
94158,0
42106,0
96408,0
58304,1
38546,1
69515,0
43070,3
31125,1
47782,1
33562,1
89113,1
139,0
3267,2
48759,0
94111,2
90388,0
51961,1
43150,2
61424,0
79085,1
62489,0
60194,1
56983,0
84985,0
27231,1
47756,0
71290,2
99834,0
76572,0
38585,0
11980,0
60392,2
9095,2
7013,1
2333,0
3832,0
11747,0
97377,0
9163,0
37667,0
34156,0
35209,0
11638,0
5951,1
82357,1
69235,3
92791,0
55742,1
71271,1
159,1
58256,0
66376,1
35291,0
34144,0
24458,3
87490,0
93810,2
98722,0
24798,0
86542,0
45528,0
37658,0
10338,1
21221,0
62864,0
72290,2
1404,0
46778,2
13922,0
38044,2
30034,0
1847,1
98855,0
19977,0
99525,0
29484,0
77733,0
16982,0
3054,3
36102,0
62902,1
64572,0
21951,3
58151,1
84397,1
41422,1
29250,2
50364,0
49079,0
9631,0
14032,0
9266,0
72642,0
68227,0
21331,0
4875,0
89656,2
90348,2
42871,1
15911,0
70808,0
96682,0
4346,0
13630,0
3747,0
43384,2
88049,0
81959,1
46578,1
31381,1
46443,0
38841,0
52597,0
87171,1
46930,0
97983,0
46702,1
16464,0
5665,0
24151,1
71558,0
53672,0
26806,0
6114,0
64163,0
31880,2
4879,0
19995,0
29812,0
31633,1
52240,2
3496,0
55875,0
64233,0
56139,1
59377,0
8989,0
6296,1
88675,0
75646,0
41769,1
27165,0
61376,0
87869,0
26834,1
87672,0
93785,1
87198,0
44631,0
88506,0
53789,2
94583,3
18273,0
10391,1
43195,0
52389,0
39756,0
16839,1
93068,0
28331,0
37255,1
39933,1
77137,0
9737,0
40341,3
42602,0
83059,1
62574,0
60947,0
6097,0
22646,3
1401,0
16196,1
1395,1
63983,0
57094,1
66292,0
33335,0
166,0
93809,0
18894,0
39635,0
81571,0
78811,1
70803,3
1367,1
32053,2
46999,2
70083,0
40535,0
77809,1
16726,1
28255,0
58734,0
57663,1
21014,0
31681,0
14081,0
69623,0
44178,0
2466,0
6004,0
40955,0
52148,1
90590,2
43515,1
63973,0
15751,0
77107,0
48306,0
18008,0
17635,0
56563,0
79236,1
33901,0
57476,0
51216,1
39400,1
93904,2
72185,0
35022,2
85404,0
23447,3
65206,0
64657,0
93687,2
12393,0
1747,0
20082,3
81953,0
32109,0
56034,0
82977,1
2338,2
34242,0
6057,0
36710,0
72389,1
75247,3
19268,1
36343,0
27116,2
93312,0
37739,2
87208,0
76570,1
81885,0
91443,0
68886,2
88396,0
74561,0
42114,0
88999,0
76563,0
21394,0
56000,0
66093,1
60863,2
53377,2
51967,0
54116,0
10378,0
74197,0
82625,0
22863,0
83300,0
4676,0
63198,1
11253,0
3581,0
25453,0
49789,0
52381,0
4288,0
12465,0
33903,0
36279,0
86984,0
50949,1
12272,0
20766,0
1293,0
49391,0
96804,0
46363,1
73261,0
70082,0
90837,3
18986,2
63635,0
63147,0
86808,0
56441,3
28978,0
9570,0
86423,0
31717,0
61493,0
25015,0
64828,2
71308,1
73845,1
55709,0
70050,2
5907,0
39973,2
88701,0
88153,0
99231,0
5562,1
65891,0
21281,0
75296,2
13575,2
47956,0
70704,0
73523,0
74101,1
23064,0
56652,0
9627,1
79987,0
49965,0
18269,0
90944,0
62114,0
80361,0
54147,0
58690,0
34808,0
73987,0
553,0
13359,3
4624,0
64191,2
41066,0
69022,0
36769,0
48804,0
66861,0
95913,1
98927,0
35737,1
54719,0
20151,0
4172,3
61273,1
10931,0
7889,0
32540,3
50022,0
35077,1
17589,0
55372,2
85552,0
16071,1
31741,0
3319,0
90857,0
3367,2
653,1
69283,0
26523,0
93757,0
85561,0
47814,1
28253,1
61262,2
55941,1
74171,3
32079,0
87275,1
62127,0
10904,1
7955,0
88509,0
18924,2
68219,0
97855,0
4812,0
39067,1
59635,0
73328,0
49452,0
6761,0
24420,2
20482,0
67628,1
71365,2
41453,0
1932,2
64037,1
84764,0
48948,0
73526,0
11758,0
62754,0
89652,1
69504,0
93551,0
90677,2
11736,0
22074,3
54743,0
95898,1
29194,1
50312,1
78942,0
78371,0
58963,1
75545,3
8615,0
29723,0
56172,1
96473,0
20989,0
85377,0
45739,1
42788,1
11574,0
61665,0
78113,0
16223,0
22663,3
2044,0
58230,1
32262,1
42367,1
5158,0
24961,2
30497,0
22860,0
76434,0
28673,1
25612,1
26145,0
79119,1
63201,0
75469,2
42509,0
4877,3
93906,1
84224,1
8527,1
22101,0
62447,0
3015,3
90721,0
8279,1
21392,0
93928,2
13664,0
70971,0
2380,0
43378,2
43428,0
58371,0
37341,0
84563,1
15574,1
46624,0
51502,2
91130,0
12859,3
81274,1
35849,0
65607,1
1236,1
63747,1
89658,1
57051,0
29374,0
76059,0
48783,1
64971,1
6490,3
89823,0
46874,0
88333,1
83828,1
49516,2
52264,3
26828,1
43352,1
21216,0
92007,1
58547,0
29924,0
97823,0
53522,0
72022,0
65393,0
89249,1
46806,2
40944,0
20137,0
63862,0
34096,0
22309,0
80182,2
85908,1
6085,1
42395,1
27692,0
4148,0
11669,0
49671,1
10555,0
94258,0
60708,2
83580,0
18912,0
24090,3
47638,0
41463,1
34127,0
99654,0
92036,1
25235,3
87011,0
19315,0
25748,1
90051,0
52593,2
10451,1
37064,1
69523,0
82362,1
32769,2
23678,0
73264,2
73400,2
88938,1
2944,1
35317,1
11571,2
83432,0
86230,1
81783,0
31374,3
9283,0
60314,0
76126,2
21153,0
36932,0
52954,1
78990,0
45488,0
60065,0
70149,2
13879,0
77280,0
5216,1
543,1
88136,1
42316,0
29339,0
81366,0
81388,1
5039,1
85611,0
12491,0
61641,1
55043,1
98260,0
38906,0
97347,0
73172,0
193,0
36729,1
13857,0
78684,3
23726,1
25472,0
52299,0
49051,0
30538,0
71962,0
19676,0
32072,0
34531,0
18167,0
31930,1
34696,0
1741,0
45825,1
64493,1
79893,0
64970,0
43979,0
55749,1
70831,0
43496,1
64636,0
8106,0
43247,0
8202,3
53606,3
82950,0
71333,0
25738,1
48754,0
42586,1
56111,0
46765,0
34734,0
98970,0
96059,0
20144,0
36321,1
78455,0
98842,0
63551,0
59718,2
33726,0
56539,0
37222,3
58962,0
71302,2
90639,0
43493,0
35651,0
51045,2
75229,0
11217,1
59464,0
99522,0
88452,0
8508,1
48786,0
45345,1
73817,0
22161,0
24589,0
74028,1
48448,2
90271,1
96274,0
48449,3
61568,0
78764,1
70104,0
45226,0
13962,0
31031,0
47076,1
5237,0
11646,0
21603,1
15842,0
54063,0
61227,0
59277,1
9976,2
81942,1
83048,0
18270,0
66253,0
26802,0
45976,0
13861,1
98473,0
61434,0
72566,2
34793,0
90232,0
96551,0
56426,0
34258,1
78068,0
32068,0
52106,0
29051,0
27024,0
5342,0
60566,0
94531,1
62169,0
73498,0
13779,0
21151,0
59255,0
41517,3
31769,1
70990,1
70986,0
56884,0
33664,0
59408,0
67303,1
27041,0
95650,1
39976,3
933,0
58378,0
60327,0
68855,0
24009,0
32951,1
5796,1
85812,0
69333,0
45786,0
99728,2
98924,0
60232,0
49832,0
48105,0
36444,1
54377,1
58715,0
64424,2
82007,0
94332,1
68338,1
20202,0
71945,0
38769,1
47975,1
76371,1
97453,3
8864,0
5884,1
76149,0
44583,0
32574,0
11847,0
71356,1
25135,2
22901,0
10494,0
10148,1
84236,1
53306,0
17162,0
5669,1
95674,0
1714,0
53481,0
86499,1
58312,0
75275,3
58280,1
53458,0
98627,0
17907,0
38553,0
13420,2
45322,0
88903,2
96892,1
17222,1
98716,0
70830,0
15206,1
69620,0
36888,0
63740,0
88710,0
86733,3
23020,0
89109,3
9814,1
22046,0
66978,0
30714,0
19359,1
70657,1
3820,2
6189,1
49233,0
13694,3
368,0
53472,0
40519,0
3826,0
30315,0
21528,0
56747,1
57702,1
93533,0
93745,0
50763,0
32980,1
77007,0
57322,1
12114,1
68924,3
64549,0
78156,0
1423,1
79966,0
66846,1
44613,1
57526,0
93059,0
59325,0
59416,0
8130,0
9105,0
84125,0
65427,0
56444,0
14555,0
77629,1
63167,0
29104,0
16852,0
58758,0
17855,1
19744,0
89998,0
28446,1
52687,0
56493,0
41750,0
3492,0
42678,0
63379,0
43611,1
83433,0
64912,0
55330,2
90174,2
82842,2
11585,0
4184,0
39282,0
89301,0
75064,1
7018,0
53536,0
16129,0
56030,3
62046,0
51523,0
20009,0
67021,0
79682,1
74386,1
76076,0
59659,3
12417,0
39279,0
23937,0
69116,0
89627,0
41952,0
35361,0
19519,1
99605,2
14548,1
58226,0
32498,0
93178,0
42789,0
32379,1
1255,0
33540,0
90709,0
84443,0
79200,0
38526,0
16603,1
24682,1
13536,0
71616,0
62983,0
94243,0
62874,0
12837,0
11425,0
14038,0
64294,0
1972,2
72928,0
58606,1
40781,3
67795,0
49343,0
19462,0
6210,0
42234,0
23536,0
97266,0
59786,1
51233,0
83765,0
3370,0
41349,1
54282,0
6160,0
91513,0
78397,1
43370,0
36392,2
4414,0
11821,1
70709,0
29666,0
25896,0
56710,1
86645,0
64307,2
19448,0
85135,0
97714,2
9861,1
66975,0
42875,0
6819,0
25753,0
74254,0
25240,0
15162,1
32764,1
45493,1
72537,2
14758,0
43803,1
28121,0
76432,0
11335,0
19168,0
49443,1
39785,0
56575,2
40013,0
18165,0
83687,2
13022,0
24796,0
19681,0
93662,2
94992,0
49244,0
71784,0
19253,0
9386,0
81183,0
80074,1
69129,0
52450,0
7407,1
24546,2
79278,0
44304,0
84245,3
22671,0
56275,0
35133,0
91941,0
18023,0
53466,1
743,0
97635,2
51776,1
64150,0
86818,1
7535,1
91250,0
84700,1
57962,0
27053,0
23350,0
4635,0
68955,0
3730,2
68164,1
96741,0
98407,1
54591,2
53991,0
17988,1
41215,1
93976,1
70907,0
5042,0
14822,0
71689,0
83706,1
34336,0
53344,0
64584,0
38873,0
1029,0
5182,0
37542,3
97512,0
76040,1
73631,0
22931,0
20445,1
89385,1
92161,1
84734,0
19089,1
40586,0
75575,0
54929,0
66833,0
18691,0
23434,0
99755,0
56990,2
2191,3
25062,1
74916,3
52666,1
14681,0
19530,0
85830,0
75126,1
94811,0
10548,0
46929,0
89015,0
44993,0
21798,1
80879,0
69863,1
87776,0
27935,1
57996,0
46620,0
28623,0
15788,1
45307,0
24847,1
59665,1
19847,0
68439,3
34790,1
70791,0
94244,0
3606,1
30807,0
28895,0
56438,2
30106,0
13241,1
44276,0
16922,0
39921,0
39201,0
20440,0
81651,2
97165,0
40496,0
64404,1
38286,0
72111,2
21761,1
87689,1
63255,0
74120,1
38648,0
41911,1
73314,1
91686,1
67680,2
63335,0
35076,0
16675,0
27629,0
18766,1
60167,2
32096,0
19662,0
5190,0
64888,0
51721,0
94098,0
29829,1
44901,0
40882,0
99609,1
27199,1
25261,0
53577,0
16560,0
47471,1
94848,0
12607,0
75781,0
98896,0
76112,1
62812,0
46008,0
99025,0
3144,0
75737,0
40171,0
30624,0
92357,0
10362,1
98692,0
55731,0
61250,0
11853,0
34996,0
40594,0
32947,0
45472,0
88895,0
76887,0
89852,1
8851,0
44906,0
65498,1
59,1
80042,3
91262,0
54177,1
43576,0
14249,0
27693,0
81464,0
68142,0
21684,1
53133,1
17854,0
45795,0
69714,0
64703,1
64974,1
41197,1
14323,0
94841,3
6026,0
47214,0
50502,0
53308,0
64199,0
73288,0
25233,1
3618,0
93140,0
17281,1
85998,0
82697,0
74340,0
18716,0
90171,0
6579,1
36971,1
27151,0
29417,0
23674,0
43615,0
38917,0
78627,0
22173,0
51022,2
96139,0
48955,0
73022,0
17961,3
95347,0
68102,1
92863,1
93200,2
73678,0
6697,0
95981,0
8360,0
80760,0
29408,0
96956,0
68899,1
17077,1
56422,1
40797,2
77947,1
18727,3
80187,0
9041,1
72024,0
67869,1
14333,0
47921,1
72161,0
71829,0
78958,0
87020,0
68124,0
54547,2
17428,0
2130,1
47334,0
76330,0
78447,1
64217,1
73896,0
26556,2
28887,0
41514,1
42022,1
26007,0
63121,0
28630,1
91055,1
18847,0
75866,0
30583,0
49672,1
12479,1
97051,0
51376,2
76430,1
27690,0
33334,1
57678,2
63647,0
39829,1
18433,1
58695,0
71820,1
38830,0
25988,0
930,1
50070,2
66566,0
89150,2
73299,2
13591,0
89052,0
92436,1
84330,2
16139,0
35017,3
99839,0
41132,0
39757,0
46191,1
52470,0
88155,3
17441,0
24477,1
78485,1
16573,1
68684,0
35531,0
85643,0
4707,0
83357,2
6199,0
74638,0
36201,0
4022,0
33461,0
89118,0
76295,0
75351,1
78076,0
64486,0
92525,1
72484,0
40707,3
49808,0
28833,0
59168,0
617,0
83665,0
26060,0
98918,1
64396,0
38021,2
50415,0
35293,0
6218,0
68849,3
66005,0
2108,0
18664,0
27153,1
63133,0
99622,1
74317,0
80529,0
79921,0
78029,1
11752,0
13931,0
26274,3
9265,0
49784,0
86449,0
23885,0
23742,0
52311,1
58778,0
26483,0
53870,0
98564,0
64877,0
3056,0
2437,0
68754,0
13343,1
27084,0
5056,0
77879,0
27947,0
9232,0
2102,0
13239,0
68600,1
66096,0
51934,1
16064,1
41179,0
53570,1
70870,0
29461,0
66274,2
25952,1
43455,2
32629,0
41828,1
46598,0
36100,0
21989,0
35640,0
53584,0
81685,0
38552,1
6037,1
40934,0
10912,1
32512,0
67026,0
91626,0
90748,1
10595,0
63315,0
39504,0
36051,0
39479,0
1503,0
61730,0
37858,0
55898,0
58432,0
74850,2
79602,0
84235,0
15038,1
82754,0
89702,0
17220,1
12415,0
16505,2
27759,0
38760,1
97712,2
93308,0
64078,0
58299,0
84154,1
9425,2
48371,1
33401,0
1145,0
61590,2
72561,3
74031,0
37951,0
92970,0
10973,0
69527,0
8670,0
73785,0
60262,1
83751,0
19663,0
21596,1
65044,2
21451,1
30443,0
10740,0
96478,0
70245,1
43039,0
58655,1
38351,0
71,0
99106,2
41556,0
78374,1
71042,0
89272,1
90056,2
62827,0
72809,2
61284,0
87443,0
10071,0
14399,0
31391,2
81962,0
51386,1
70777,0
68586,0
86381,0
50058,1
52176,0
24438,0
18705,1
7485,0
74491,2
4987,1
2065,0
26711,1
73454,1
13050,0
70311,1
63056,0
34774,0
51458,0
99433,1
43142,0
19788,0
95206,0
55016,0
6640,1
76094,0
46659,0
46374,0
23736,0
62728,0
6647,0
71231,1
5923,1
51899,2
17267,2
49814,0
8429,0
19427,0
40217,1
68319,0
4888,1
14960,0
57752,0
24088,0
69908,0
17565,3
20175,3
93954,0
63668,1
67139,0
58772,0
19888,0
33526,0
66259,0
76046,0
65285,2
30542,1
167,1
22122,0
3611,0
46143,2
25655,0
74038,1
84014,0
45319,1
83648,2
88796,2
92854,0
98366,0
94419,1
34530,1
86742,2
86769,1
81469,0
91043,1
52243,0
9259,0
23296,1
76736,1
74157,0
45731,1
28804,1
12995,0
53196,1
62695,0
74958,1
79368,0
82790,0
29714,0
96474,1
15575,0
1172,0
53975,0
68902,0
690,3
92137,0
82237,0
7393,1
41273,0
4589,0
80943,1
24811,0
15309,0
47761,0
22982,1
81450,1
24235,1
54207,1
56326,1
89190,0
34651,1
87752,0
67025,1
15553,0
3369,0
32749,1
81894,0
26322,1
39404,0
1838,0
35068,0
37030,0
53230,0
62362,0
3735,0
43664,2
82281,2
83658,0
94011,0
45023,0
50989,0
35868,0
33683,1
68680,2
27774,0
91510,1
14618,0
3229,1
98287,0
69773,0
95251,1
13462,0
18601,2
19868,0
36270,1
69502,0
36213,0
98811,0
48599,1
69889,0
31696,1
38290,0
5394,0
87283,1
91129,0
35606,0
75903,0
20408,1
33410,0
81370,1
46664,0
62977,1
99453,2
25995,0
44625,0
62377,1
32064,1
67439,0
34961,0
70392,0
39197,1
16105,0
17300,0
12004,0
59006,0
40643,1
41975,3
65806,0
59200,1
28091,1
56569,0
72828,1
82486,2
3335,0
91947,0
3443,3
44509,0
20511,0
34065,0
4778,0
21078,1
20330,0
28208,0
54392,1
80405,3
31804,1
8542,1
65490,0
38109,0
39275,2
4706,0
73126,0
28447,0
62697,0
44770,3
89345,1
86026,0
93583,0
12760,2
24014,0
97074,1
34443,0
65516,0
91206,0
68859,2
24256,0
62252,3
2762,2
73174,1
24610,1
29787,1
854,2
75389,0
60563,0
78826,1
56615,2
51399,0
27313,1
81107,1
52772,0
75083,0
40760,0
7452,2
37302,1
49610,0
49805,0
27905,2
16668,0
75706,1
99557,0
47072,3
38128,0
95841,0
79508,0
14210,0
89637,1
17683,0
86410,0
87786,2
96807,0
18347,0
9875,0
46362,2
11204,0
71514,0
5193,0
94328,1
3725,1
86629,0
93727,1
84727,0
72623,1
89877,0
96320,0
13924,0
22176,3
30747,0
34106,0
34117,0
76553,0
80180,1
98954,0
7308,0
60209,0
94079,0
63394,2
68335,0
76213,0
7149,1
83352,1
51710,0
25311,0
45253,1
96612,0
98353,0
72176,1
59260,0
1653,2
2459,0
39278,0
98963,1
63260,1
11039,2
18309,0
48678,0
57911,0
44416,0
30697,1
99432,0
58030,0
55713,0
75583,0
68990,1
939,0
99979,2
27754,0
18084,0
89378,0
86034,0
72639,0
2176,1
13400,0
10257,0
42841,1
70016,0
51160,0
63397,0
10838,0
73972,0
62042,0
63963,1
14983,0
52921,0
55612,0
15318,0
58742,1
40147,0
12944,0
58596,1
40302,0
97354,0
75111,1
35602,0
93734,0
76575,1
93884,0
24987,0
95244,0
35771,1
534,1
68508,1
26366,0
78370,0
81654,3
29785,1
68246,0
59469,0
17477,0
43665,0
33828,1
68900,0
13181,0
83745,1
19049,2
25061,0
64667,1
52167,0
40462,2
18629,2
30955,0
32863,0
56157,0
48251,0
49861,1
88537,0
18503,1
19235,0
85827,1
24257,0
86391,1
83133,1
22339,0
4757,0
84285,0
13052,0
91905,0
71656,0
5217,0
96758,1
14246,0
23823,0
90966,0
39419,0
25266,0
49523,2
91519,3
49977,3
27284,2
79582,0
40751,0
79585,0
62616,0
46,1
30793,0
54425,0
89932,2
98192,0
98333,0
49405,0
73668,1
95619,2
83750,2
45287,0
92802,0
38498,0
62277,1
56178,0
18786,1
67751,0
18244,0
98689,1
79830,1
74245,0
1438,0
72194,3
2363,2
8891,0
20304,0
94336,0
23028,0
34814,0
88512,0
97585,0
92796,0
36507,0
81265,1
17378,0
86378,0
84937,0
59399,0
91635,0
70250,0
27267,1
75763,1
98967,3
39038,1
27644,0
3396,0
16341,1
37631,0
32722,1
69512,0
72811,0
54969,0
84223,0
78225,3
45928,1
13313,0
8368,2
78395,0
2195,0
90866,0
55774,0
98010,0
29440,0
65147,1
69048,1
50192,3
60058,0
27256,0
12888,0
62951,2
54985,2
77224,0
41783,2
38445,0
46381,0
94141,0
53193,0
76734,0
9236,1
73935,0
5027,0
251,0
98395,1
14752,1
57626,0
9374,0
54404,0
96481,0
76647,0
90987,0
90691,3
21559,0
80996,0
14357,0
87125,2
9019,0
52723,1
40502,0
12818,0
12518,0
24051,0
35644,0
67052,1
9182,2
19728,0
99152,1
43308,0
19102,3
26194,0
64351,0
93165,0
35505,0
41846,0
10952,0
59824,0
50356,0
40806,2
1340,0
66434,1
34346,0
15543,0
7825,1
97175,0
40720,0
76300,1
53504,0
62303,2
3533,0
83754,1
33212,3
34571,1
8662,0
65716,1
68317,0
69011,0
24308,2
73423,0
96990,1
62452,0
69587,0
84400,0
36789,0
57027,3
3028,0
2447,0
72597,1
33300,0
26456,1
43725,0
82886,0
70455,0
94774,3
407,0
61751,0
11788,0
83213,1
53238,0
76963,1
48110,3
69216,0
12546,1
84152,1
7144,0
29537,1
25776,0
19243,0
62407,2
98275,0
47496,0
28629,0
36918,0
78339,0
23570,1
43711,0
43785,0
71797,1
39759,0
12856,0
59232,0
78992,0
91789,1
82723,0
74226,0
48756,1
55800,0
25873,0
63809,0
36854,0
95163,1
2388,2
71061,0
8110,1
59971,0
42900,0
92803,0
75421,1
80869,0
61562,1
71633,0
32011,0
13451,1
98763,0
6031,1
98357,1
27960,3
21150,2
83634,0
78640,0
65217,0
63601,0
83205,2
20717,0
88261,0
7015,0
90667,0
9496,0
8090,1
74486,0
83085,0
21502,0
15405,1
34036,0
14259,0
48691,0
42484,2
89777,0
46597,0
16016,0
8901,0
87619,0
86131,1
86273,1
72385,1
31542,2
50923,1
65321,1
70972,1
66530,0
27331,1
63378,0
43535,0
90924,0
82986,0
90967,1
33488,0
33348,3
34393,1
34434,0
95153,0
72359,0
70029,1
76664,0
42321,0
94792,0
37537,1
38236,0
40583,1
99478,0
23302,0
29030,1
18349,2
49108,0
98095,0
75128,1
47708,1
37459,0
44396,0
25677,1
92478,0
17810,3
81362,0
48523,0
26933,0
49053,3
82183,2
83444,1
88481,0
31322,0
62980,3
8745,0
54472,0
8945,1
18028,0
34423,3
4169,0
34894,0
39253,0
40975,1
47152,2
90738,0
1351,1
43865,1
74508,1
98477,0
68131,0
17569,0
85958,0
57195,3
33938,3
54336,0
53412,1
11558,0
25473,2
85000,0
2465,0
9263,0
87210,1
93224,0
50068,2
18022,0
59911,1
20771,0
73707,0
27730,0
16185,0
38041,2
11925,1
87987,1
77043,0
38437,1
17122,2
41768,0
67148,0
81731,0
75702,0
18999,1
34380,0
1032,1
67402,1
81059,0
65202,0
97270,0
34743,1
50744,0
22170,0
53348,2
51790,0
56478,0
85322,0
84065,0
48702,0
477,0
30534,2
20092,0
25146,0
24703,0
28730,0
75429,1
67631,0
86095,0
89872,0
3552,1
13064,0
25152,0
47405,0
15808,0
1979,1
4012,0
18358,1
36615,0
63410,0
86096,2
59283,2
71397,1
60699,1
25726,0
46568,0
60173,0
43225,1
66532,0
85784,0
81893,0
82897,0
83130,0
13132,0
36829,0
49538,1
1574,0
661,0
85891,0
30427,0
69312,2
97055,0
87291,1
99006,0
94192,2
37070,0
11360,0
60709,0
8711,0
41700,0
9946,3
92244,0
87796,1
79053,1
94039,1
73160,1
90394,0
7583,0
8584,0
5859,0
30357,0
64190,2
10456,0
38196,2
75470,2
61403,0
440,1
33912,0
87322,0
1209,1
6872,0
23419,0
56091,1
43810,1
80332,0
98885,0
99917,2
59845,2
33480,0
97040,1
52108,1
3682,0
85722,0
55851,0
99554,1
71526,1
1142,1
28268,0
37399,0
48309,1
34493,0
96234,3
67980,0
48886,0
13935,1
77379,0
56657,1
42098,0
90183,0
25332,2
95205,1
91735,0
60111,0
16212,1
26014,0
53769,0
96315,0
1511,0
6520,1
49010,0
47545,0
34523,0
19291,0
32235,0
26961,3
56252,0
55718,0
62157,0
83848,0
65099,2
36071,0
30174,0
45378,0
19559,2
58008,0
97951,1
29166,0
37557,2
29492,0
64599,0
73118,0
73829,1
71838,1
38057,1
20934,0
94339,0
28494,0
75260,0
34799,0
41974,2
25533,1
18424,0
27876,1
45087,0
53625,0
34958,0
68151,0
81262,0
95430,0
94758,0
12039,1
63525,0
98624,0
79083,2
88183,0
43727,0
24893,0
24634,2
3478,0
26721,0
84981,0
57872,0
12473,1
26782,1
87276,0
21313,0
18855,0
36555,0
39072,0
54320,2
16825,1
71564,0
51656,0
46793,0
80410,0
5010,0
9451,3
57425,0
28647,1
25886,0
18765,1
49524,0
35649,1
22643,0
38750,0
92491,1
70147,0
14972,0
12158,0
96495,1
99804,2
83194,0
50998,0
51695,0
51642,1
46187,0
44329,3
65946,0
50852,0
43441,0
60826,2
98758,0
27096,0
8248,3
12720,2
45644,0
21600,0
43845,0
56695,3
30528,1
86889,0
78228,1
8578,0
52175,3
98356,1
54036,1
31488,3
18893,1
60968,0
2420,1
2355,0
43637,0
56155,1
23405,0
4440,0
61598,1
42649,0
26652,0
97824,0
59120,1
96535,0
20368,0
90670,1
77897,0
72871,0
29448,0
16458,0
10384,0
74517,0
66082,0
43211,0
69600,0
2597,0
83115,1
58072,2
12755,1
3172,0
80909,0
4971,1
44318,2
60202,1
47757,0
3228,3
38563,0
80389,0
48292,0
57081,0
19838,0
55843,1
30374,0
33398,1
49083,0
79428,2
38849,0
68553,0
78423,0
71666,0
29642,0
13450,1
99764,2
58635,0
90756,1
77452,0
40201,0
25107,0
24298,0
26057,0
1997,0
38736,0
91478,1
31092,1
37792,0
25429,0
93743,3
45269,2
36095,1
77576,0
89252,2
27640,2
44516,1
64099,3
79252,1
19707,0
96395,3
31917,0
85033,0
34590,0
47115,0
4101,1
43508,0
82597,0
71914,0
71754,0
41729,3
50646,0
80804,0
24283,0
36670,0
68176,0
80056,0
59318,0
26794,3
6279,0
53867,2
59829,0
48432,0
87035,0
95466,0
50621,0
24494,0
433,1
98291,0
9819,0
15202,0
22514,0
13501,0
77492,0
10108,1
23441,1
30020,0
53586,2
34489,1
94276,0
20920,0
54937,2
78707,1
60488,0
99396,0
53868,0
14515,0
62840,3
7458,0
14744,0
83808,0
97877,0
18043,0
70002,0
8860,0
44738,0
52166,1
89210,2
28756,1
7001,0
23500,0
45783,1
98421,1
4705,0
93653,0
39645,0
74004,0
33905,0
19191,0
22135,0
93288,2
51234,0
81996,0
263,0
12043,0
34319,2
99352,1
23308,0
33268,0
70141,2
14047,0
77074,1
51066,0
45631,1
93835,1
71464,0
96654,0
52294,0
56209,0
72481,1
23316,1
22042,0
98080,0
11624,1
41767,2
10649,0
18141,0
93026,0
41784,0
69207,0
84229,3
97010,0
16790,0
86836,0
39878,0
87815,0
77065,0
24888,0
6417,0
22330,0
49188,0
84415,0
73932,0
96305,2
32523,0
47066,2
33517,0
91529,0
59331,1
25267,0
10196,0
89736,1
18888,0
80575,0
37520,1
47467,0
49857,1
17948,0
73610,0
25899,1
71869,0
40060,0
38360,2
91927,0
85709,0
29327,0
37271,1
52875,1
68948,0
7315,0
50854,0
95036,0
21075,2
53598,0
2978,0
66400,1
49582,0
8174,0
46792,1
14192,3
76272,2
9618,0
69609,1
63094,0
71071,0
27744,1
57152,0
2206,1
30041,1
60511,0
32998,0
86797,0
80772,1
2203,1
67597,1
55776,1
12228,0
98858,0
16707,1
77541,0
30,0
41141,0
24271,1
46220,0
51614,1
46538,1
42005,0
74838,0
20900,2
85596,1
66073,0
26663,1
61615,0
37710,1
91419,0
54653,0
61567,0
9261,2
50830,0
14602,0
90643,1
62389,0
22427,0
53695,0
8254,2
48297,0
82263,0
36207,1
54239,2
6930,0
5092,1
40153,0
33959,0
49113,2
10068,1
23119,1
4182,0
91997,0
2732,0
96043,2
69147,3
21295,1
18504,0
78545,1
28035,0
57855,0
37686,0
27674,0
34020,0
98343,0
22655,0
32789,3
92657,0
53322,0
14793,0
50256,0
19269,0
49659,0
30848,0
313,0
5047,0
36020,2
9822,0
71133,0
37700,0
96622,0
88074,0
4974,0
93405,2
82180,1
33796,0
53366,0
81134,0
91367,0
68534,0
66287,0
68526,0
79795,0
48318,3
27822,3
93006,0
29827,0
80724,0
37203,3
98463,2
68776,1
28593,2
29722,3
36966,0
35638,0
7087,1
75555,1
67993,0
80473,0
20049,0
82893,1
75726,0
82305,0
37806,0
17352,0
32018,0
77559,0
22295,3
72,1
38173,1
85113,0
30459,0
31546,1
59721,0
73228,0
52968,2
74988,0
16670,0
89380,0
69542,0
76900,0
55390,1
26232,0
98516,0
14982,0
56037,0
98034,0
9330,0
80259,0
57559,0
48605,0
5134,0
98,0
83245,0
2331,0
9279,0
60550,1
71571,3
43181,1
57787,1
11839,3
11665,0
31088,2
20981,0
6648,0
98060,0
30353,3
15316,1
79160,1
23808,1
75607,0
64558,0
51913,1
4235,1
9915,0
37056,1
61537,2
85350,1
78877,2
281,1
62173,0
15610,0
72886,0
64579,0
19178,0
3704,3
7586,1
19012,2
40790,0
89430,0
79101,0
26478,2
14107,0
5191,0
67264,1
4282,0
25101,1
93955,1
51079,0
87149,0
27242,0
88791,0
62178,1
96623,0
32941,0
16117,0
69230,0
81447,0
77535,1
21889,1
11385,1
52373,0
77750,0
63597,0
16882,1
35962,0
85066,2
21497,1
7211,0
318,1
71948,0
57001,0
1710,3
41350,0
70949,3
72175,3
24325,2
72254,2
5131,0
10021,1
11616,1
15060,0
15436,0
3434,0
5664,0
34488,0
84965,0
32369,1
23802,1
23397,0
46068,0
89701,0
15074,0
3301,3
88193,0
67901,2
99045,0
84358,0
32939,1
19014,2
26629,2
66296,1
23167,0
34057,1
84040,0
42231,1
87985,0
64319,1
42591,0
21663,0
62607,0
73109,0
14141,1
32804,0
45974,0
14360,2
97423,1
55570,0
70973,0
86155,1
63854,2
58626,1
41868,0
18344,0
89778,0
21819,0
96134,0
92816,0
58660,0
50756,1
91459,0
48588,0
62635,1
32483,0
82001,1
1923,1
10873,0
48808,0
66592,1
56221,2
84076,0
3213,0
86907,0
47129,0
2513,1
45436,0
65582,2
92556,0
12513,0
96768,1
61294,0
82307,1
89008,0
82239,0
93272,2
10156,0
94864,0
46458,0
49704,0
66013,1
47721,0
37192,0
21810,0
71072,0
48,1
24457,1
46401,0
9876,0
42505,0
72613,2
4512,1
46836,0
36370,0
83272,0
90330,0
34891,0
96635,0
45432,1
50082,1
4382,2
79786,2
52878,1
36790,0
20130,0
14497,0
80731,1
47380,0
51460,0
29281,0
95664,1
71949,1
76159,1
17396,0
25404,1
75926,0
43460,1
38603,0
66463,0
66949,1
55608,0
73425,1
35352,1
26000,0
76229,0
73897,1
91585,3
13297,1
15412,2
17915,1
49217,0
20282,0
16837,0
93077,1
99422,0
32751,0
43525,3
8474,0
33388,0
12890,0
43476,1
79328,0
74182,0
27814,0
23380,0
62950,0
59615,0
90616,1
50150,3
16021,0
67257,0
95762,1
30162,0
5814,2
84430,0
4792,0
23694,0
13348,0
60334,2
11386,2
43229,1
78889,1
77187,0
35468,0
88503,1
19668,1
37536,0
69799,1
24241,0
34442,0
38482,0
80618,0
50225,0
65398,0
98795,0
92992,0
13952,1
16362,0
97755,1
79639,1
64032,1
77400,0
75427,1
55127,1
76282,0
73240,0
82317,1
30753,0
34788,1
60635,0
66663,0
33216,0
23409,0
8709,0
24484,0
54252,1
27793,1
49052,0
65129,0
10868,0
50105,0
69395,0
46464,0
23907,1
3796,0
22115,0
33904,1
98179,0
47797,2
23496,0
93541,0
37769,2
40634,3
52174,0
92438,0
87003,1
28822,0
15758,0
97741,0
99795,0
59604,1
77376,0
72591,1
32994,0
29053,0
22920,0
17587,0
66618,1
73304,0
4629,1
9429,1
80990,0
21525,0
30559,3
70035,0
48013,1
67938,0
61370,0
75346,0
31484,1
20271,1
6576,0
97160,0
52402,1
32790,1
27934,0
42280,0
20878,2
40330,0
46041,0
48906,0
28872,0
76095,2
64372,0
44862,0
29203,1
21160,1
79773,1
16340,0
98279,0
88831,1
68986,1
88607,0
72533,0
52410,1
83184,0
55660,1
92899,1
97395,3
88536,1
20259,2
18374,1
3123,0
18411,0
70539,0
73065,0
75289,0
62304,0
74,1
3737,0
30142,0
59136,1
82523,1
33128,0
34838,0
32209,0
78534,2
88198,0
30724,0
22233,0
26292,1
25793,0
31640,2
33439,0
53945,0
29949,1
80462,0
86473,0
50456,0
15501,0
29870,0
20888,0
84659,0
57423,1
29962,0
42004,0
77100,0
44899,0
96978,0
9352,0
13762,0
4479,3
79775,0
48259,0
5048,0
88754,1
25058,0
25458,0
47667,1
18072,0
90365,0
42340,0
22201,2
89467,1
73069,0
21833,0
96795,1
86965,0
5459,0
98922,2
40139,0
82713,2
99501,1
77476,0
703,0
24135,0
74961,1
66268,0
60629,0
21506,1
9703,1
25600,3
27476,0
58751,0
36261,0
16978,0
70734,1
65125,0
9686,0
71448,1
40179,1
33090,0
61506,3
44401,1
82396,0
22660,1
11914,1
71421,0
24030,0
21273,0
99477,1
55974,0
68999,0
55901,0
25034,2
47692,2
28452,0
31056,0
47248,0
42097,0
43187,0
12206,1
78749,1
51610,0
9159,0
37402,0
61224,3
14410,0
10146,0
7596,0
14205,1
71070,0
58546,0
48763,0
99508,0
21743,1
74812,0
5150,1
59149,0
36319,0
44566,1
59067,1
10010,0
32636,0
37621,0
85893,0
43757,2
57660,1
91797,0
25857,1
54083,0
87475,1
54836,1
3942,1
72278,0
75936,0
95772,0
43799,0
64500,1
90505,0
81428,1
21653,0
50303,0
98500,0
14000,0
6285,1
62724,0
27445,1
1067,0
291,0
64902,0
96835,1
39718,0
90460,0
60412,2
86166,1
50137,0
8253,0
81895,1
43719,1
90994,0
61200,0
58571,0
52740,0
86683,0
41045,0
45105,0
5062,3
4417,0
79986,0
38018,1
72956,2
88206,0
8058,0
59547,0
71572,1
5195,0
37157,2
13244,0
38832,1
54389,1
33736,0
96511,0
43866,2
9365,2
29687,0
1504,0
93311,2
82936,0
24968,0
11548,1
24773,0
57220,2
28611,0
53438,0
63890,2
95056,0
65655,0
42254,1
59841,1
59935,0
43478,0
4825,2
83802,0
87054,0
13092,0
17005,0
49358,0
5686,0
39276,0
66294,0
33376,0
15917,1
74163,1
69684,0
90712,2
89924,3
36137,2
67611,2
44858,0
24227,1
31126,2
90359,0
64151,0
35773,1
41648,1
10774,3
13189,0
34452,0
5625,0
63375,0
56802,0
35718,0
80531,1
84022,0
67907,1
9190,0
71937,0
32924,0
58583,0
8330,0
96694,0
21355,1
41646,1
53951,0
11986,1
50828,0
31102,0
58535,1
41361,0
31095,0
37038,0
29600,0
25883,0
46727,1
64432,3
13372,1
63626,0
58644,1
41906,1
23052,0
57857,0
4191,2
31753,2
83729,1
7854,2
75029,3
23395,0
12903,0
46133,0
78111,1
46962,0
11109,0
48946,1
85894,0
70150,0
13666,0
85349,0
69532,0
36929,0
9926,1
70298,0
69871,2
94713,1
65677,0
45932,1
1906,0
13196,0
28953,1
86835,0
1325,0
69172,1
32034,0
52603,0
85959,1
74131,0
50747,0
93543,0
8933,0
92353,0
70694,0
52695,0
28524,2
18803,3
76456,0
97265,2
97932,0
95192,2
46486,0
49076,1
78062,1
36608,0
92824,0
49230,1
78469,2
82777,1
38439,0
30100,1
77265,2
17412,0
780,1
78281,0
13016,0
21676,0
25761,0
34991,2
61946,0
62927,0
9929,1
27559,0
71056,1
26881,1
80276,1
15834,0
25503,0
4790,0
95689,0
83353,0
1770,0
46061,0
14015,0
81096,0
7034,0
43323,2
24007,0
10029,0
73108,0
33361,0
47363,1
81116,1
69726,0
63652,1
79874,0
37650,0
63340,0
54527,0
42997,0
34712,0
4864,1
82309,0
1461,0
99348,0
36426,0
10879,0
89267,0
28748,0
53258,1
77283,0
91576,0
97562,0
91263,1
652,0
21190,3
27615,0
98610,0
26565,0
84355,3
71563,0
99069,1
42618,1
46847,0
5643,2
28977,1
38457,0
56839,2
55682,0
63249,0
90296,0
47151,0
41531,0
27059,0
83577,1
26419,1
78328,1
25116,3
93565,0
36297,0
5996,0
34019,0
28814,0
49478,1
69632,0
82276,0
2175,0
69342,0
6733,0
91126,0
81846,1
47207,0
12431,0
85327,0
92515,0
18525,0
93285,0
3084,0
97993,0
15002,0
22859,1
33607,3
78838,0
92493,0
40705,1
13387,0
8010,0
89102,3
8503,0
6019,1
21814,1
26267,0
69339,0
56776,0
89973,0
55494,0
72545,0
7623,2
63533,0
54089,0
69408,0
4491,2
32766,0
31529,0
49455,0
69412,1
10783,0
43416,0
54978,2
89993,0
57758,1
53589,1
12274,0
8313,1
82432,2
94298,1
3350,0
35461,0
80109,0
45396,0
24984,0
39568,0
50727,1
19564,0
80709,2
52383,0
48275,1
99253,0
41362,0
26767,0
66545,0
54113,0
3550,3
27586,0
86583,1
60079,0
99787,0
68564,3
58160,0
36326,0
40033,0
16127,0
79292,0
11656,1
78295,0
11772,0
45342,2
91602,2
4945,0
31718,0
29715,1
49417,0
70233,0
28000,1
90032,0
60627,1
89801,0
95545,1
5960,0
48602,0
99205,0
93749,2
98147,1
16631,0
90925,0
41610,3
46545,1
51636,2
66128,0
1114,0
19618,1
8787,1
87967,0
64305,0
61596,0
69139,0
53936,3
40697,0
67573,0
47246,1
70384,2
51255,1
73142,0
14098,1
79771,0
78123,0
14903,0
52553,0
88871,0
59362,0
64699,1
46094,0
91364,1
76683,0
70532,0
74740,1
55534,1
22456,0
70144,1
34982,1
31779,0
41432,0
72106,1
93175,2
90819,0
88361,0
53840,0
27587,3
35928,0
60530,0
74189,0
72837,0
70294,0
96442,0
62880,0
10539,0
73268,1
66630,0
15496,0
48266,0
99322,0
49476,2
63281,1
87288,1
74681,0
10591,0
27515,0
16817,0
68858,2
21913,0
46447,0
26372,0
86237,0
64219,1
73251,0
37389,0
62847,0
22095,0
34632,0
32849,3
67133,0
27175,0
6557,0
5493,1
47481,1
55027,1
43946,1
68211,0
28279,1
55498,0
54327,0
36614,0
69841,1
22269,1
75847,0
57878,1
56179,0
12505,0
26949,0
95147,1
13135,3
20286,0
81701,0
19912,2
54178,0
38947,1
23403,0
44715,0
2924,0
37591,2
45357,0
87310,1
64059,0
16118,0
67240,0
6784,0
93231,1
99984,1
79828,1
44361,1
7209,1
28569,1
44661,1
94565,0
19639,2
83366,0
31498,3
90213,0
82298,1
88829,0
93668,0
68326,2
59468,1
33990,2
35232,0
47908,0
36087,1
18831,2
25812,1
48573,1
86027,0
75783,1
35842,0
96086,0
18817,0
94273,0
17298,1
2207,0
67360,0
47730,0
98232,0
65486,0
94250,1
63446,0
43666,0
68069,0
94988,0
20223,1
60890,1
33982,1
56491,0
17599,1
38282,1
36638,1
40827,1
83953,0
57807,0
22640,0
88301,1
93680,0
11903,0
46878,0
26152,0
5865,0
89621,1
23166,1
98324,0
48404,0
14686,1
28299,1
24970,0
17462,1
23442,1
79456,0
58106,0
13422,1
86929,1
21576,0
40131,1
87658,0
31475,3
36174,2
99502,0
46421,0
44435,1
16843,0
2778,1
54895,1
39026,0
87958,1
87948,0
93194,0
65587,0
7524,0
28547,0
22083,1
58786,0
81922,2
78437,0
92995,0
1811,0
77671,1
2544,0
21228,1
11016,1
37925,1
96337,0
27323,1
57130,1
42417,1
11421,1
42782,0
51166,1
222,1
82290,3
24981,0
6900,1
58727,0
60018,2
85637,0
86170,0
44116,0
14132,0
22198,2
7719,0
38203,0
66907,0
46744,0
13901,1
64870,0
82153,0
65923,0
16661,1
90208,0
80562,0
8169,1
89629,0
88082,1
75888,3
78700,0
78681,0
98488,1
6238,0
72301,1
94376,0
10849,0
89527,1
8842,2
36422,0
33245,0
55378,0
36867,0
81472,0
70530,0
10593,0
91902,1
9158,0
19150,0
47113,0
75897,0
86954,0
373,0
27957,0
76465,0
96912,1
5247,0
37830,2
8766,0
28178,1
89429,0
23925,1
83173,2
70681,0
38745,1
76055,0
82247,1
84546,1
16181,0
26997,0
88890,0
11032,0
61413,0
34804,0
40474,0
89746,0
2563,0
30925,0
18937,0
81809,0
7239,0
82667,1
71667,0
6720,0
59396,0
38941,1
14578,0
99104,1
92224,0
34396,0
5122,0
91537,2
5497,1
140,0
57826,2
26279,0
39700,0
30239,0
57013,1
15617,0
9260,2
10966,0
40534,0
90083,0
92032,0
94138,0
77027,1
89276,1
27631,1
6593,0
40787,0
15196,1
29466,0
60832,2
28019,0
1796,0
93137,0
7387,0
25118,0
81707,1
38169,2
84309,0
27950,0
68917,0
50804,0
63949,2
92886,0
53079,1
20568,0
53036,2
52960,0
88652,1
58333,0
91657,0
54593,0
31616,3
35855,0
91303,0
52034,0
7168,1
5212,2
64438,0
11176,1
39355,0
65259,0
67222,1
85832,1
14207,0
34403,0
48770,0
31853,0
60174,0
34133,1
15003,0
39071,2
29383,0
74080,1
55400,0
80449,1
55245,0
69152,0
88159,1
95892,0
60335,0
48363,0
22056,0
81315,0
97591,0
32219,0
35423,0
62412,2
77584,0
12651,0
51198,1
94780,0
59266,1
92294,0
13240,2
42322,3
2226,2
61838,1
87196,0
64480,1
67511,1
23486,0
91769,0
47060,0
21829,0
29507,0
85634,0
89520,2
22684,0
39074,0
27974,0
89407,0
12366,1
33188,0
19030,1
4016,1
91027,1
62471,0
90647,3
30294,0
2284,0
73089,0
32477,0
82805,0
54274,1
41357,0
75739,1
56142,0
22436,0
22976,1
75612,0
18798,0
17454,0
76966,0
51128,0
44018,1
57032,0
22020,1
9821,0
42121,0
61303,0
86320,0
53047,0
98862,0
62415,1
25579,1
70626,0
54846,0
63785,0
95331,0
38698,1
58086,2
31319,0
27300,0
29618,0
50618,0
93905,1
39980,0
28559,0
87623,3
6873,1
69672,2
63383,0
98799,0
60623,0
12127,0
75324,3
48945,1
56509,1
30433,2
40008,0
50382,1
18872,0
63396,0
2016,0
12930,3
19321,0
25741,0
20212,1
60358,1
88189,0
12853,0
92411,0
17398,0
75347,0
34394,1
78837,0
79652,0
11114,0
17803,0
461,3
17029,0
59002,2
66143,0
61798,1
98865,3
52159,3
51639,1
87170,0
52480,0
66703,0
5143,1
29256,1
48407,0
74416,1
91197,0
51859,1
47895,0
4989,0
61463,1
44709,1
60291,0
2608,0
59264,0
85186,0
33003,1
6311,0
22114,1
61307,0
83275,0
67049,0
99212,1
48619,0
90474,1
35098,0
29888,0
85902,1
29861,0
57900,3
20247,0
74965,0
63995,1
5514,0
53383,0
8765,0
35150,0
30679,0
38653,0
22116,0
90165,0
7761,1
49179,1
68821,0
26435,0
21009,0
28764,0
87302,2
71592,1
80765,1
35216,0
13136,2
77091,0
2143,0
84114,1
29261,0
30578,2
75910,1
67234,0
26982,0
44149,0
62395,0
3907,2
68996,0
29142,0
79637,0
15623,0
27689,0
64257,1
59834,1
65005,2
43980,0
13842,2
62851,0
74249,2
27681,0
57733,0
87262,3
75189,1
17562,0
63937,1
5874,0
92968,1
60182,0
7606,0
78614,0
68304,3
76962,0
77895,0
52067,0
2529,1
38636,2
81713,0
65475,0
94660,0
11033,1
8682,0
65537,3
39317,0
96826,1
33774,0
10206,1
67729,0
4471,0
30212,1
40106,2
71220,0
34909,0
1115,2
57982,0
2823,0
63486,0
4252,1
96630,0
7262,3
16671,0
21971,0
12913,0
84315,0
71779,0
39576,0
78244,0
68298,0
81314,0
23341,2
57884,1
64542,1
61842,1
4901,0
95304,1
63502,0
35618,0
47822,1
38461,1
66416,0
32404,0
95477,1
77183,0
75444,0
48665,0
77775,0
66396,0
60088,0
49742,1
3839,0
60531,2
85851,0
86487,0
84907,1
95325,0
87045,1
90093,1
51923,0
96040,0
50094,0
23415,1
83605,0
62297,1
46233,0
46180,1
1343,0
8266,0
46149,3
65922,2
40399,0
96357,1
23825,1
51531,3
35260,0
71354,0
13844,1
55048,0
73008,0
10466,0
16845,2
28986,0
58527,2
25166,1
69459,0
80471,0
70119,0
34315,0
65561,0
22790,0
52201,0
63380,0
20637,0
37037,0
48212,0
53996,1
62599,1
57435,1
85850,0
65010,2
29984,1
74083,1
80017,0
8660,0
58564,2
94046,2
5346,0
33535,2
76880,0
13005,0
57990,0
5171,1
86082,0
33851,0
99242,0
61870,3
26650,0
42493,0
25095,1
89027,0
10058,1
94610,0
65119,0
21453,0
14149,0
54624,2
95906,3
84231,0
58235,1
41544,1
53255,0
11495,1
68401,0
93465,0
64752,0
70658,0
42135,1
53330,0
63739,1
59771,0
88438,1
76671,0
7492,0
98580,0
75932,1
76343,0
19344,0
14656,0
99883,1
69289,0
79502,0
5854,1
350,1
21868,0
74443,0
45556,0
77368,2
57125,0
4860,0
51239,0
47140,0
60833,0
97278,1
74426,0
53064,2
54383,2
83434,0
29145,2
52558,1
82270,0
69111,0
73709,0
71642,0
56289,0
14482,0
45639,0
8242,0
84984,0
3642,0
93608,0
50719,2
81300,1
22797,0
19027,0
3193,0
22363,0
22001,0
12528,0
28174,2
77884,0
82151,0
1645,2
46249,0
8830,0
94656,0
67172,0
46711,0
48930,0
87335,0
20670,0
24939,2
11367,0
83283,1
13105,0
26665,0
83416,0
85245,1
65145,0
18019,0
27470,0
97673,0
9877,0
87343,0
35664,0
54729,0
51509,1
13507,2
51336,0
51219,0
40120,0
68014,1
45869,0
69331,0
47262,0
5026,0
83728,0
211,0
42372,0
9513,0
61953,0
28576,1
56711,0
47371,2
10648,0
18290,1
27312,0
93124,0
38573,0
71887,0
36291,1
44038,0
15341,2
43364,0
93854,0
94814,1
23439,0
85966,0
83875,0
45666,0
62556,0
6250,0
57307,1
8762,1
20190,0
76743,3
70337,2
37178,0
47489,1
88328,0
78514,1
24075,0
31434,0
20972,2
43155,0
23481,0
7913,0
89917,0
35634,0
8671,0
14162,0
17825,1
53652,0
79357,0
2966,0
79311,0
46453,1
10136,1
2916,0
47106,0
97349,0
76633,0
23555,0
90612,0
37842,0
44754,1
50554,1
45601,0
7896,1
71240,2
85132,0
37437,0
50307,0
78180,1
74407,0
89068,1
49505,0
62463,1
57852,0
72395,0
60923,1
37513,0
65050,0
17619,0
69817,0
74089,2
3937,1
71641,0
38061,0
16628,2
67356,1
20345,3
53825,0
77467,1
7265,1
84926,0
91318,0
33612,2
68308,0
79993,1
53334,2
99648,2
9833,1
67467,0
82725,3
67677,1
84078,2
75571,0
70908,0
91230,1
4318,0
33942,0
20427,0
5626,0
98566,1
91375,0
5434,2
45936,2
31213,0
29791,2
37049,0
79266,0
89148,3
88180,0
22221,1
38108,0
84964,0
65723,0
39779,0
98523,0
9563,0
39451,0
27772,0
4175,0
65700,1
67990,1
37703,0
72895,0
2535,0
69304,0
19265,0
32229,2
42369,0
12379,2
95214,0
75797,0
7965,0
56729,0
58153,0
53783,1
42069,0
66466,1
83981,1
91975,1
79163,1
57573,0
68399,0
86940,0
88079,0
41662,0
40155,0
35437,2
17646,0
42739,0
67929,0
95642,0
57296,0
63902,0
86607,3
55797,0
25281,1
54139,1
76475,1
74297,1
24279,0
16380,0
61671,1
29419,0
23233,2
42112,1
1635,0
10942,0
98552,0
65121,1
36086,0
57214,1
15086,1
99309,0
8911,0
8311,0
32081,0
76971,0
4515,0
90815,2
55041,0
50578,1
99635,0
88516,2
25806,2
30507,0
48862,2
34596,0
58178,0
8523,1
8797,0
81380,0
56313,2
75678,0
88663,0
3373,0
50607,1
1671,0
43401,0
98920,1
48369,1
2561,0
1193,0
97230,0
66770,3
75096,2
12539,1
14222,0
63475,0
47980,0
86255,0
21785,1
91232,0
42722,1
61883,1
70204,0
29322,0
69806,0
66628,1
40578,0
58927,1
86556,0
32593,0
18799,1
83110,0
54468,3
61372,0
4462,2
23853,1
1070,2
871,0
31861,0
3698,1
96647,0
35530,0
71069,0
18311,0
33261,0
26207,0
33196,0
52331,0
15281,0
13860,0
66580,0
19805,1
3691,0
83050,0
75018,0
87602,1
43905,1
25946,0
7108,0
95633,0
73882,1
76556,0
92415,0
61299,0
96864,0
22019,1
86035,1
17753,0
6040,0
2059,2
12323,0
67070,0
82046,0
19783,0
79818,0
45480,2
43908,2
45738,1
54129,0
43458,1
4744,0
46890,0
7988,0
86438,0
88634,0
9130,0
35042,1
16786,1
48429,1
81217,0
84271,1
24117,1
24529,0
56039,0
10473,0
56439,1
80889,3
34857,2
75634,2
51658,2
27225,0
95008,1
8752,0
52319,3
40987,1
10854,0
57698,0
58398,0
63064,0
95241,2
12244,0
51388,3
52843,2
65345,2
4882,0
94289,0
77774,0
63770,0
14112,0
63058,3
79221,0
42117,2
96734,0
37611,1
39492,1
61695,2
13059,0
92203,0
62393,0
6241,0
60179,0
47141,0
19403,0
77259,0
99996,0
49440,0
89934,1
69437,0
29583,0
7032,0
69041,0
31182,0
84484,2
54248,0
93692,0
78955,0
4878,0
23876,0
42840,0
69923,0
93967,0
23225,2
8591,0
32925,0
78975,0
47026,0
659,1
48850,2
57773,1
13211,2
60777,0
99394,1
18457,0
26123,0
61674,0
58308,0
45965,0
40522,0
42027,0
57151,0
52153,1
56871,0
63849,0
15296,0
96879,0
6564,0
31341,0
13814,1
73565,0
10982,0
7971,0
90948,0
91793,1
25162,1
82354,1
38189,1
30693,0
27921,1
85340,0
86787,2
65074,1
38536,0
83017,1
82143,0
13506,3
40610,0
73921,1
34352,0
57416,0
95594,2
80039,0
7879,1
72405,2
33274,0
60575,0
27635,1
2602,0
80714,0
74959,0
15285,0
44908,0
9258,0
70266,3
82968,0
81643,0
93344,2
87338,0
80610,0
62248,2
75652,1
54164,0
72622,0
48549,1
62133,1
68618,1
20114,0
22,0
91214,3
71936,0
78648,0
48583,1
26063,0
58991,0
32469,0
17278,0
84255,1
25258,0
38866,1
5810,1
70722,3
98711,0
83772,0
75352,0
75142,0
59233,1
7669,0
19782,2
73814,1
83466,0
75656,0
33463,0
84803,1
50254,0
66291,0
22929,0
74953,0
30448,0
6132,0
94786,1
47560,0
35100,0
61034,0
31471,0
11471,1
17364,0
68720,2
27510,1
3564,0
84535,0
32977,2
87460,0
62470,2
37308,0
1424,0
59141,1
43678,1
71947,2
37177,2
66784,1
96328,0
42916,0
58679,0
82222,0
13161,2
43090,0
63279,0
98145,1
65511,0
72884,1
60417,1
34016,1
62898,0
73654,1
55095,0
33178,0
9813,1
74952,0
17997,0
1690,0
3507,0
95507,0
42358,0
65112,0
44088,0
19303,0
48215,0
40463,2
15359,1
48571,0
56599,0
51299,0
60157,0
8439,1
15425,0
12461,1
59366,0
62267,2
83285,0
77847,1
30598,1
96422,0
50413,2
6657,1
5848,0
12764,2
75181,0
29572,0
93890,1
40616,1
83413,2
90981,0
78489,0
42903,0
75493,0
48538,0
86636,0
14213,2
46090,0
700,0
90019,0
64861,1
90169,0
44914,1
55200,2
46937,2
61931,1
38289,1
74819,0
24160,0
61160,0
61438,0
63806,0
39136,0
4664,0
24010,0
4711,1
731,0
89904,2
26942,3
14812,1
11940,0
35527,2
32106,1
81166,0
53818,0
28085,0
20501,0
14035,0
19207,0
83644,1
80306,2
32547,0
93180,0
82129,0
10569,2
55983,1
55452,0
91290,0
53717,0
374,0
12681,3
15457,0
25604,0
32054,0
32273,0
90417,0
97933,2
84772,1
91543,0
95408,2
50775,2
14992,1
14509,0
62776,0
22898,0
43631,0
22968,1
87822,0
86018,0
27514,0
55693,0
96571,0
84720,0
6060,0
65451,1
68907,2
8225,1
65003,0
16321,0
31325,3
40765,1
87140,0
66450,1
60964,0
56112,3
98981,2
14737,0
95889,0
88631,0
56484,0
73099,0
26593,0
27378,0
21853,0
6612,1
21544,2
46815,1
31903,2
29340,0
39208,0
84648,0
34841,0
29149,0
31090,0
78670,0
69122,1
3822,1
99575,2
38027,0
46950,2
71638,1
99926,0
13625,0
58989,2
13071,1
63903,3
68412,1
53729,0
37911,1
49213,0
83108,1
15625,0
68419,0
17728,0
5826,0
71378,0
24948,2
13509,0
14637,1
72382,0
62167,2
2024,0
10435,0
34404,0
83593,2
16857,0
54908,3
11786,0
27164,1
50259,0
86811,0
27339,1
77352,2
86268,0
30422,0
90035,1
40899,3
96652,0
14312,0
73195,0
34920,0
33658,0
56298,0
87345,0
72427,0
9998,1
76903,2
78999,0
47085,1
42817,0
74683,2
53897,0
98787,1
31766,1
33087,0
76954,2
23749,0
12568,1
6776,1
74033,0
83565,0
61629,1
92445,0
8931,1
28171,0
88435,0
3064,0
97408,0
97982,1
70222,2
20102,0
19181,0
72059,1
66187,0
59527,1
77883,0
90433,0
82841,2
85500,1
63541,0
51837,0
47458,0
10186,2
65746,1
84175,0
10662,0
26200,2
3331,0
80692,2
93092,0
11469,0
20661,1
88216,0
37124,3
58803,0
22852,3
11919,0
35447,1
41299,0
71840,1
69589,0
41880,1
723,0
21412,0
38297,0
60592,2
80900,0
20353,1
92644,0
59579,0
2856,0
48337,1
498,0
30078,0
75597,0
95525,0
73384,0
42136,0
5243,0
49304,1
72470,2
99151,1
64420,0
66393,0
68252,2
64817,3
61420,1
22947,0
42727,1
96197,0
34151,1
24309,0
73783,0
79281,0
88287,0
7589,0
12541,1
14517,0
72981,1
55946,3
83560,0
24332,1
15315,0
98341,0
3483,1
19794,1
43555,0
69037,1
18839,0
87496,0
94036,1
47240,0
20608,0
45103,0
53882,1
44788,1
66941,1
23485,0
70820,1
99476,1
68406,0
95597,0
76627,1
59285,1
29531,0
30767,0
20919,0
53665,0
75125,0
16632,1
61364,0
54297,0
21186,1
82526,0
37015,2
20112,0
27270,1
79835,0
18651,0
6704,0
84120,1
55697,1
74184,0
20734,0
32572,2
90444,0
98479,1
97325,0
37075,1
25751,1
2311,1
66952,0
62854,0
81920,0
15702,0
46431,1
69260,0
64279,1
79313,3
77513,0
15647,1
26848,1
94948,1
39812,0
6116,1
47086,0
99794,0
72031,1
55425,0
62073,1
11938,0
72598,0
54845,0
40388,1
87327,0
13769,0
35619,0
63386,0
90930,0
1560,0
90446,1
20081,2
11070,2
84362,0
51443,0
73976,2
43191,0
794,0
38465,0
87236,1
10144,0
22745,0
16972,0
19082,0
92749,2
46146,0
99679,2
87271,1
80020,0
97037,1
26685,0
86267,0
25778,0
41683,2
50324,0
3083,1
94177,0
44501,0
41813,1
69497,0
91825,1
18714,0
25962,1
64296,0
80424,1
59290,0
94788,0
42949,0
47261,0
75158,0
51411,0
68614,0
83016,0
88271,0
85133,1
72535,2
90133,0
27715,1
62803,1
46907,0
96775,0
84105,0
69427,1
57965,0
36169,0
99068,0
228,0
90781,3
34369,1
20759,1
17157,1
53954,0
66456,2
50028,0
74938,2
28935,0
27645,0
42251,1
15354,1
77752,1
59999,0
64434,2
11238,0
55880,0
77938,0
73622,0
65527,2
64239,0
9173,0
57842,0
37424,0
97386,0
29498,0
23174,2
28601,1
74631,0
85476,0
82035,0
75193,0
49660,0
57230,0
77940,0
94483,0
15991,1
5609,0
98106,0
9172,0
35575,0
19646,0
86810,0
73589,3
80579,1
88360,0
20384,3
34797,0
55216,0
77573,0
70936,2
20030,0
88032,0
753,1
87363,3
65818,1
44366,1
45859,0
53635,0
77487,0
5272,2
14126,0
95372,0
62630,0
48990,1
7463,0
2543,0
97812,0
45004,2
73967,1
34888,1
55530,0
25105,0
62390,0
64602,0
48913,0
83156,0
72518,1
88557,0
65220,1
3461,0
68698,0
8530,0
94337,1
62005,1
15621,0
80112,0
7741,0
52863,0
21832,0
51772,1
27663,1
33065,0
83653,1
73779,1
3858,0
1144,3
62232,0
25625,0
30251,0
38641,1
14194,0
30377,0
66741,0
4214,0
66399,0
30465,1
75564,0
27,2
476,1
44179,0
97390,1
30944,1
7667,2
21201,1
17276,1
10813,0
15265,0
32609,0
30166,0
61722,0
54765,0
91611,0
4579,0
37797,1
26391,0
21778,1
46514,0
70744,0
32021,0
60259,0
51930,0
20078,0
74992,0
65847,0
92085,0
93123,1
66555,0
77498,1
32277,0
13576,2
6354,3
50320,1
94947,0
40513,1
71977,0
27723,0
3554,1
23256,0
23213,1
54560,0
97965,0
13646,0
30080,0
33271,2
76024,1
49844,0
2060,1
14924,3
79659,2
64940,0
49467,0
56104,0
35155,1
47854,1
53276,0
74551,0
31206,0
40612,0
71428,3
1632,0
55499,0
18328,0
90539,1
87112,0
41795,0
39441,2
23516,0
7384,1
93818,0
76111,0
26467,1
24045,0
78884,0
5875,0
42606,3
82412,0
49184,0
92718,1
36403,0
25866,0
20588,1
4099,3
10490,0
84640,0
10035,0
70022,1
27431,3
74503,2
14877,0
4249,3
51095,1
5392,0
64510,0
46275,0
13167,1
66338,3
14017,0
95340,0
52532,2
7725,0
38915,0
98494,0
92237,1
146,1
26364,0
86600,0
22377,0
76856,0
6750,1
83774,2
55653,0
59385,0
20668,1
84758,0
50638,1
39570,1
83072,0
34031,0
6430,0
24661,2
33031,0
38185,1
79529,1
36458,1
20189,0
19992,0
63135,0
11612,0
9078,0
26487,0
50197,1
8858,0
92729,1
44640,0
87295,0
33840,0
75023,1
57471,0
5935,0
71317,0
68344,0
27128,0
9384,1
35323,1
46566,0
36281,0
75908,1
78276,0
15242,0
27370,1
13085,0
64829,0
1507,0
8054,0
11710,0
60200,0
54247,0
87845,1
66159,0
32827,3
14459,2
32315,0
44444,1
62830,0
29473,0
11698,0
66514,1
6771,2
70855,0
63771,0
29966,0
88900,0
88252,0
89326,0
66101,1
83887,1
31521,0
67944,0
90292,1
38857,0
83768,0
6912,1
65824,0
6048,1
71431,1
51308,3
61333,0
94037,1
16928,0
61243,0
50369,0
12374,0
8763,1
42351,1
43459,0
23763,0
87984,1
17191,0
78593,0
33230,0
18950,0
53290,0
91145,1
16188,0
65521,2
64676,1
76044,1
50745,0
30802,1
9223,0
16584,0
92678,0
26211,0
70130,3
58166,0
24421,0
43580,0
57133,0
55253,0
47948,1
34459,0
58487,0
26915,0
29561,1
80003,1
31816,1
58810,0
8286,3
83142,0
81627,1
19393,0
80272,0
86298,0
42843,0
75015,3
43509,2
32030,0
88491,0
8693,1
28115,0
34903,0
16916,0
55284,0
63896,0
70746,0
1309,0
58654,0
95009,0
17226,0
30581,0
87447,1
76119,0
88902,0
87888,1
32604,0
55832,2
9947,1
42420,1
70349,0
13074,1
86776,1
68798,1
32280,1
22627,2
60365,1
16602,1
80161,0
19209,0
17772,1
35456,0
55724,0
43818,1
73768,1
936,3
2497,1
64626,0
48807,0
12713,0
95128,0
14952,2
17950,0
45233,0
37469,1
80959,1
84760,0
8779,1
68697,1
93271,0
6841,3
70162,2
8366,1
62756,1
31983,0
44107,2
22587,0
89709,0
26507,0
344,1
55,1
71011,0
42287,0
85771,1
75061,1
95644,0
16526,0
33498,0
99454,0
79440,0
232,0
11324,0
2911,1
88891,0
57851,1
34042,0
81114,1
6389,0
54702,1
4502,0
85810,0
87811,0
96603,1
28247,0
5557,0
25723,0
27480,0
74780,0
62405,2
42682,0
80561,0
75812,1
67267,0
3974,2
11390,1
4168,0
21291,0
84912,0
46393,2
91312,0
5984,0
69479,3
6965,0
3873,2
91857,0
26592,0
34003,0
93357,0
92143,0
63959,1
89682,0
36165,0
15615,1
16295,1
53834,0
96083,0
34657,0
11960,1
87424,0
73121,1
17360,1
24874,0
10016,0
39940,1
10784,0
37436,0
7813,0
34098,0
83243,0
37021,0
19828,0
54391,1
30128,0
62509,1
83081,2
26462,0
82582,0
71502,1
22293,0
14169,2
56096,0
48074,0
77420,0
97320,0
43772,0
13438,0
34717,1
87428,0
55778,0
89319,0
53546,1
75606,0
19468,1
71821,1
3555,0
24516,0
86389,0
86545,0
79315,0
17822,3
7487,0
84708,0
46501,2
16876,0
72507,0
6216,0
86495,3
7642,0
23168,1
93135,0
31257,0
81649,2
456,0
13275,0
8560,0
18462,1
4274,1
47427,0
9312,0
94254,0
87153,2
95275,2
70580,0
34671,1
64725,1
32715,0
21858,0
66315,0
73562,1
68711,0
32359,0
34796,0
60549,1
26023,1
41774,0
46668,0
8729,1
36896,0
25263,1
68959,0
66017,0
33884,0
83093,0
57410,1
91108,1
74488,0
98076,0
79081,2
50712,1
47861,0
3655,0
46633,0
34879,0
88410,3
52801,0
45245,1
26327,0
16946,0
37684,0
810,0
17084,0
69376,1
13048,0
13163,0
73625,1
88540,0
68051,0
63023,0
89732,0
7200,0
53629,0
77516,0
77313,0
3276,0
87620,0
76744,2
13367,0
79244,0
69944,0
21725,1
6442,0
45998,0
90085,2
83461,3
63569,1
99760,0
85062,1
10723,0
74214,2
58321,2
91432,2
74402,0
2706,0
97804,1
31814,0
2162,0
75489,1
69531,1
48151,0
17863,0
73387,0
42717,0
55587,1
54625,0
39325,0
8597,0
63665,2
88278,3
50954,1
49804,0
34959,1
60464,0
77309,1
3096,1
25300,0
31282,0
57504,0
9045,0
96250,1
35995,0
89220,1
68705,0
69328,3
59463,1
17678,0
28172,0
82991,1
45910,1
84861,1
10111,0
7483,1
36588,0
33220,0
78234,1
16220,0
64388,0
70915,0
7684,0
67313,1
97482,1
2506,1
37674,0
77697,0
40287,0
46335,0
56267,1
287,0
99521,2
88374,1
59004,0
72541,1
75638,0
76695,0
73445,0
11036,0
74453,0
79190,3
52847,0
84719,1
54738,1
8866,2
61408,0
86575,2
90080,1
11467,0
65001,1
84724,0
47093,0
63004,1
28863,0
64487,1
6769,0
4863,3
27980,0
34342,0
43184,0
2282,0
34189,0
15527,0
43491,0
16936,0
52080,0
39776,0
78380,1
54934,0
5221,0
61059,0
9268,0
2515,0
9757,0
83311,0
65627,0
41069,1
31624,0
82380,0
47544,0
36739,3
54447,0
59298,1
61118,0
40076,1
24552,1
23424,0
22809,0
55347,0
17376,2
32172,0
32486,0
84503,1
85740,0
92531,0
81513,0
21018,0
69228,0
68857,0
87925,0
93094,1
4924,2
83784,1
99853,1
56970,3
97746,0
33846,0
40701,0
6746,0
22736,0
10706,0
37645,0
81495,0
60568,0
41180,0
36485,0
73868,0
25808,1
63660,0
99112,1
47904,0
48560,0
36242,3
34664,1
3062,0
43650,0
62307,0
63092,1
52549,0
95999,0
29552,0
91422,0
94931,0
25324,0
76845,0
18844,1
9644,0
8547,1
28459,0
14261,0
59583,0
19482,1
76138,0
21206,1
5423,0
64622,3
14733,0
50778,0
74986,0
65347,0
75390,1
84608,3
7408,3
21258,0
22073,0
48631,1
7632,0
37511,0
63515,1
52608,0
31737,1
823,0
33696,0
55132,0
67204,0
93099,0
16150,0
5480,0
74893,1
72295,0
58258,1
50661,0
50704,2
8021,0
81911,2
38370,0
68622,3
30974,0
29703,0
84960,1
98554,0
15306,1
37798,0
29182,0
29248,1
4712,0
87167,1
40183,3
2265,1
24008,0
53851,0
25581,0
87104,0
67671,1
30791,1
95890,2
19856,1
17245,0
41138,1
77113,0
19042,0
36072,1
12487,1
84532,0
61808,1
31171,0
49905,0
32891,0
87866,1
81131,0
81699,0
60710,0
62262,1
29323,1
57724,0
12640,0
72797,1
76886,0
98802,0
53206,0
885,0
20716,0
46071,0
54510,0
55423,0
76214,2
30739,1
35083,0
59003,1
97152,0
67916,0
68868,0
26958,0
14943,0
32811,0
47868,1
86596,0
52076,0
65661,0
54106,1
81993,1
30833,0
70770,0
58181,1
15366,0
1872,0
39905,2
47574,0
32775,0
68506,0
88534,1
56924,3
36113,1
56761,0
31960,1
84913,0
34431,0
77621,2
55093,0
49294,0
8565,0
1305,1
80133,2
48929,0
26040,0
71990,1
4327,2
88522,0
87245,1
3516,0
11959,1
46834,0
41000,0
26896,0
35064,0
56933,1
79011,0
75265,0
80048,0
79867,0
45422,1
11166,1
68359,0
52290,0
3340,0
35635,2
64506,0
25467,1
65701,3
36330,0
44710,2
51094,0
50039,0
54138,0
73650,0
49032,0
444,2
66662,0
82204,0
53315,0
57993,0
45642,2
39675,0
2400,0
13172,0
65042,0
22827,2
54312,1
39868,0
74696,2
88272,0
9491,0
64381,0
51901,0
90580,0
97659,1
4747,1
97121,1
21325,0
5287,0
68193,1
93436,0
36891,0
19542,0
13796,1
72781,0
68390,1
73500,0
29133,1
92693,0
61683,1
37450,2
92204,0
57864,1
85277,3
81233,1
62804,1
41235,0
42676,0
71197,0
81373,1
44976,2
63564,2
16366,3
3338,0
48114,0
99350,1
2118,0
69594,0
47108,1
35300,0
71221,0
36308,0
12436,1
14688,0
9070,0
91296,0
86974,0
16439,2
54540,0
46080,0
96045,1
74473,1
72381,0
84864,0
22894,0
97521,1
10123,0
20720,1
72889,0
67035,1
56134,0
10720,0
72067,1
36153,0
89495,0
86654,0
16410,0
34206,0
49282,0
73442,0
78232,0
18033,0
47247,1
1011,0
34569,2
44891,0
86536,0
60785,2
9043,0
40405,0
66594,0
7036,0
24460,0
14354,0
17244,2
36393,1
91152,0
28716,0
46066,0
71015,0
77269,0
86725,0
89661,0
42700,0
1518,0
240,1
38851,1
23548,0
59191,0
95423,0
32427,0
16142,0
39109,0
82216,0
822,0
96220,3
41296,0
32038,1
14648,1
6631,0
11254,1
85775,2
13491,0
8308,0
59874,1
74210,1
23154,0
70053,1
9858,1
19261,0
93007,0
48920,1
65911,0
91916,0
19865,0
98613,0
79611,2
98428,0
77586,1
60992,0
14919,0
38361,0
76237,0
43068,0
92604,2
29333,1
89604,1
82038,3
39723,1
2960,0
80571,2
36352,0
19674,2
13145,1
50134,1
36090,0
77703,0
57985,0
79681,0
2982,0
84542,0
46516,0
6208,0
85307,0
6194,2
26820,0
21202,0
16063,0
47183,1
98006,0
56145,1
9936,0
75418,2
19208,0
23088,0
95959,0
68075,0
49012,0
1300,0
27694,2
86873,0
50622,2
64407,2
14204,0
38529,0
47527,0
32435,0
24230,0
64611,1
57116,0
29331,0
47554,2
78697,0
74945,0
49966,3
16535,0
30419,0
64728,0
94705,0
3251,1
78632,2
65869,1
29036,1
54512,0
91818,0
74196,0
17713,2
944,1
80239,1
93796,1
1943,0
13358,0
70975,0
50142,0
27788,0
7123,1
21652,0
75640,0
56527,0
94913,1
22387,3
18500,1
36989,1
58691,0
44504,0
20860,0
72410,0
82664,0
20499,0
56163,0
34175,0
90937,0
3352,1
37082,2
35229,1
28557,0
98471,3
78617,0
98367,0
23177,0
54366,0
57880,1
74552,0
59777,3
84931,2
52137,0
68259,0
90607,0
96616,0
50635,2
39152,1
82789,0
337,1
28847,2
12305,0
32489,0
92269,0
46005,0
33240,1
49409,0
83578,0
33453,0
89217,0
70031,0
37289,0
31338,1
19317,0
52138,3
65717,0
44136,0
17413,0
59588,0
21888,3
81316,0
70745,0
53434,0
96799,1
94390,0
26335,0
43447,0
70642,3
70271,0
32253,0
26680,0
48422,2
62915,3
90336,0
38104,0
35754,2
46287,2
39630,2
18454,0
26908,3
55148,0
44860,1
29435,3
23054,0
82351,2
11567,1
30429,0
11885,0
66595,0
88035,0
57262,2
96677,0
22578,1
95531,0
49935,0
9765,0
65479,0
77711,1
4335,0
29854,0
30101,3
34279,1
75852,2
46557,0
73633,2
52853,0
64875,1
15275,0
65896,0
9492,0
50319,1
51021,0
97623,0
36110,2
8887,2
547,1
67860,1
71648,0
14544,0
77797,0
63424,0
21557,0
43931,0
81371,0
51225,1
76438,1
26122,0
73465,0
85040,0
29446,0
65997,0
93187,1
7883,0
44994,0
25919,0
6998,2
16067,0
22487,0
80077,1
89063,0
68389,0
66951,0
63742,1
25876,1
30886,0
21741,0
18842,2
61489,1
90104,0
11850,0
57638,1
21439,0
28193,2
32742,1
83671,0
17523,2
19712,1
39099,1
14456,0
72732,1
45163,0
74974,0
84482,0
77075,0
36669,0
4106,0
22039,0
14234,0
50486,0
95955,0
85012,0
1748,0
40250,0
1599,1
78568,0
1882,0
7747,0
76939,0
1056,2
93085,0
43099,0
46548,0
87454,0
14738,2
85490,0
46750,0
23692,3
12267,0
5614,1
20329,0
2742,1
62080,0
55744,0
99724,0
71741,3
48039,1
22532,0
31346,0
93034,0
24377,0
85981,3
13283,0
77923,2
55888,0
7519,0
47190,2
13209,1
9300,0
1604,2
80000,3
1850,1
31746,0
35393,1
8309,0
82938,0
87169,0
62099,0
92144,2
7700,0
55384,0
28265,0
93079,0
84552,0
61266,0
50899,0
56929,0
57431,1
95768,1
96639,0
5052,0
71170,0
57792,0
10483,0
58157,0
77099,0
625,0
29556,0
79554,2
13008,0
37757,0
62424,0
82512,1
39375,1
20231,0
17977,0
40729,1
22137,2
42361,0
10321,3
77686,0
89229,0
67068,3
65529,0
75513,0
8451,0
11668,2
28321,2
19786,1
7179,1
60415,0
30824,0
75177,0
90940,2
698,0
58252,0
76154,1
71124,1
17279,0
28888,0
64302,0
52800,2
48139,0
93346,0
77141,0
90833,1
92742,0
78703,0
13333,0
74344,1
59380,1
7850,1
16492,2
37472,0
21577,0
1379,0
38549,1
40980,1
26181,0
67854,0
29612,2
63933,2
22497,0
57525,1
83607,0
52339,2
16288,0
81403,1
81076,0
66853,1
29336,1
93082,0
4002,1
71089,3
83024,0
16673,0
13038,1
36119,1
89992,1
65456,0
81763,0
62923,2
96679,2
90347,0
99885,0
9601,1
45168,0
80532,0
61854,2
92226,0
80136,0
17916,0
19578,0
49411,0
16653,0
52850,0
7349,0
93893,0
5634,0
77037,2
27369,0
8303,3
65497,1
87459,0
68244,0
70521,0
84398,0
52502,0
67773,0
25340,1
60731,0
36290,0
39314,1
77494,0
12011,2
42140,1
71044,0
33711,0
24451,0
58906,0
34109,0
49605,2
19339,2
47267,0
24054,0
37877,2
3463,0
43882,1
2504,0
59071,1
6874,0
58791,0
49864,0
49029,0
7039,0
38640,0
8548,0
45102,0
28640,3
98641,0
51799,1
41426,0
25147,0
75760,0
91946,0
12994,0
73274,0
17766,1
25199,0
90731,0
63206,0
90499,0
57440,0
70582,0
38223,0
87100,0
97532,0
80274,0
67815,0
43057,0
52891,1
53184,0
33365,0
13757,0
21349,0
66933,0
87952,0
54886,0
12116,3
16727,0
67801,1
67038,0
64756,1
84846,0
68661,0
22566,0
59607,1
63012,0
62059,0
78158,0
59989,1
2501,0
41660,0
41216,0
81985,1
6911,0
15927,1
68143,1
852,0
77317,0
85021,0
58383,0
50210,0
93145,0
83073,0
77321,1
61706,3
10076,0
79187,0
4132,0
2698,1
27978,0
28098,3
46942,0
92066,0
2835,0
49980,1
12653,0
15183,0
8331,0
85101,1
38555,0
95297,0
42642,0
73159,3
12921,1
73324,2
60373,1
38514,1
17120,0
33919,0
49850,2
67932,1
32372,0
93143,0
89153,0
7192,0
95732,0
88769,0
71343,1
15298,2
5559,0
10389,0
17898,0
67156,0
30721,0
66257,1
4889,0
602,0
82941,0
26559,0
31920,0
11760,0
93420,1
32142,0
81992,0
90022,0
52958,3
77823,0
8280,0
60667,0
82119,1
19465,0
31969,0
30780,1
82705,1
56952,0
45742,0
65947,1
86194,1
37964,2
83211,0
39893,0
23220,0
81282,0
73327,1
54871,0
86316,0
8913,1
87711,3
45216,1
52507,0
83084,0
25350,1
46928,1
7952,0
93305,2
81179,0
29265,0
70067,1
23645,1
39623,0
70753,0
47945,0
60718,0
97902,2
31866,1
85675,0
58156,2
48172,0
61855,1
97146,0
32719,2
30396,1
27672,0
53921,0
66969,1
20292,0
11267,1
17899,0
79044,0
46819,0
92634,0
66206,0
94363,0
42422,3
99284,0
44015,3
53763,1
93532,2
26510,2
82303,0
6664,1
51451,1
22738,0
9695,0
87233,2
71906,0
17949,1
34521,0
4943,0
2025,0
29742,0
15875,2
25890,2
87213,0
25674,1
40377,0
34837,0
79245,2
7797,2
84761,0
40361,2
13788,0
25040,0
58205,0
82940,2
2585,1
24531,1
92930,0
24287,0
65513,0
94454,1
92846,1
93661,0
14394,0
17163,1
38008,0
47443,0
53688,1
9880,0
35762,0
69075,1
5548,0
76785,0
70542,0
50484,2
29150,0
51719,0
89140,0
29746,0
12934,0
93570,0
54257,0
62077,0
91067,0
25760,0
28030,1
61140,0
1335,0
66919,2
99132,1
8834,0
30535,0
55089,0
69629,0
62737,0
11890,0
25078,0
20396,0
36696,1
14932,1
96424,0
20344,2
23847,0
54372,1
4181,1
25499,0
65726,0
28967,1
46422,1
46579,0
20941,0
7030,0
70068,3
33060,1
12605,1
76961,0
93612,1
39904,0
45497,2
35584,0
97640,2
75547,1
45904,0
31226,1
12836,0
8274,0
55479,1
53768,0
99532,0
70381,0
55045,1
76269,2
54001,0
79361,0
74064,1
45662,0
52975,0
31547,0
21015,1
52710,0
68303,0
38848,0
7190,0
63074,0
84386,1
66,0
86812,0
2411,1
62269,1
51111,0
44931,0
13707,2
64614,1
72504,0
53285,0
3072,0
74559,0
18423,0
25800,0
6492,0
95314,0
93047,0
22346,0
5993,0
68098,0
58445,1
45758,0
34335,0
63898,0
2846,0
48130,0
36834,3
48162,0
63711,0
31679,0
88085,0
55566,0
96316,0
969,0
41635,0
70475,0
26220,0
18785,1
25934,2
34718,1
63076,0
10691,0
64539,1
17801,1
18396,0
61487,0
68186,0
39856,0
88570,3
27301,0
44648,1
65225,1
43425,1
61322,0
37565,0
56783,0
64772,0
85610,2
20864,0
73244,1
51276,0
30393,0
49161,0
25722,1
24025,2
75074,0
75614,0
37594,0
91549,0
53437,1
78800,1
76507,0
17393,0
67967,0
59307,0
84203,0
59586,2
30139,0
87783,2
58339,0
20654,0
20693,0
11327,0
17271,2
45039,0
33495,3
88920,0
96841,2
12439,0
13004,0
22096,3
22153,0
1813,1
50463,1
45525,0
26033,0
44295,1
66246,0
46646,0
23472,1
62148,0
86478,0
33342,0
49878,0
57237,1
8234,0
31994,0
87512,1
26407,1
37676,0
34432,0
85872,0
2819,1
64212,3
45854,0
5754,0
8128,1
79152,0
71167,1
75757,0
56374,0
96749,0
41636,3
50438,0
65188,0
69182,2
43763,0
410,0
94229,0
3588,0
61139,1
408,1
78255,1
39281,0
56744,1
91556,0
42774,0
57932,0
65564,1
16124,1
89287,0
77438,2
67281,2
14362,0
87484,0
28350,1
18997,0
27619,0
84624,1
59391,0
73797,0
35463,2
41006,0
36293,3
3061,0
88609,1
32996,0
73722,0
36815,0
73680,0
10399,0
32950,0
39533,0
42729,0
43467,2
18279,0
40571,1
46689,1
35159,0
65571,0
6248,0
38946,0
69465,1
71444,0
650,3
94572,1
22157,0
53220,0
2640,3
87586,0
57124,0
34619,2
73757,1
32328,1
30399,0
86504,0
36288,0
6895,0
98385,0
81880,0
11873,2
15571,0
29270,0
23039,0
20769,0
76549,0
69348,0
8135,0
68665,0
85073,1
68613,0
77460,3
66498,0
74395,0
2249,0
60050,0
13,0
19600,2
94853,0
13495,1
13210,0
50817,0
74093,0
45827,0
27357,0
20058,0
83401,1
94905,0
29364,1
37478,0
15856,1
28311,1
42990,0
12536,1
95343,0
8575,1
79205,0
26250,0
48935,2
29541,0
24600,2
72922,0
40099,1
88313,2
92876,3
2172,0
52852,2
5549,0
62547,0
8312,0
81628,0
50526,0
41166,0
439,0
78842,2
97407,0
38534,0
85901,0
45346,1
48157,0
88717,1
84424,1
2806,0
35335,0
25855,0
25712,0
53735,1
45335,0
15573,0
77201,1
57797,0
56459,0
43073,0
44291,1
81126,0
78661,0
5535,1
69775,0
31367,0
93428,2
51272,0
73793,0
6006,1
92373,0
75454,0
52282,0
16640,0
2179,0
53609,0
72784,1
55562,1
51412,0
12911,0
73558,1
38957,0
55269,0
36652,3
90863,1
49014,3
34416,1
14252,3
69367,0
83790,0
1324,1
84886,0
51520,0
14099,0
91454,0
47255,0
77255,0
72641,0
79064,0
1890,1
38954,0
58673,0
59810,1
80713,0
14024,0
22433,0
1333,0
40286,3
30527,0
89451,0
21026,0
81242,0
90854,0
32505,1
23572,0
15844,1
49104,0
94513,1
9493,1
48499,0
17440,1
21535,0
77332,0
88146,0
25163,1
62090,2
34209,0
10348,0
75552,0
8207,0
31364,0
55165,1
31835,3
91065,0
32603,0
60870,0
948,1
24340,0
1097,0
61202,1
76513,1
9291,2
81190,0
70185,0
19951,1
12594,0
24136,0
2857,1
27568,0
20896,0
17805,0
92306,0
30685,3
22158,0
9358,0
48083,0
49487,2
77349,1
18695,0
61790,2
93648,1
51062,0
15303,0
84930,0
44685,0
99365,1
73158,0
53333,0
9316,0
13544,0
53128,0
81055,1
53120,1
59985,0
23198,0
19294,0
51553,0
3990,2
40550,0
65671,1
66490,1
4965,0
58932,1
71972,0
81609,0
86891,1
99683,0
61814,1
77660,0
46683,2
56200,0
50044,1
53436,0
3517,0
89841,0
18809,0
1885,0
36187,0
77837,3
81206,0
58866,1
72601,0
53686,0
25055,0
85508,3
99204,3
84870,0
21732,0
83417,0
35717,3
34801,0
46462,0
41297,0
839,0
43721,0
11064,0
19580,2
10415,0
87600,0
26642,0
78381,1
26115,0
58689,1
87329,0
51453,0
47871,0
84686,0
49267,0
727,0
19360,1
79988,1
14870,1
55580,0
18363,0
37978,1
75977,2
41121,1
92112,1
70249,0
92250,1
40210,2
83161,2
9949,0
24495,0
30887,0
93361,0
56641,1
56229,0
95932,0
4314,0
50043,0
98845,0
20486,0
60823,1
74929,0
85847,1
77053,0
66886,1
64709,1
65973,0
84618,0
94990,0
78431,0
22861,0
91264,0
68782,3
4088,0
80542,1
30934,1
93656,0
98370,1
44551,0
99813,1
83325,3
82962,0
20673,0
34741,1
23152,0
42581,0
3329,1
74349,0
99805,0
70758,0
11948,1
45386,1
74987,1
79843,0
40931,0
78635,1
19281,0
49416,1
30262,0
64413,1
5566,0
11063,0
61913,0
53256,0
24684,0
62808,0
5339,0
41224,0
13727,0
67771,1
96605,0
47493,0
47679,1
54021,0
27395,0
81764,0
34187,0
69701,1
57994,0
37661,0
28263,0
75183,2
60561,0
77364,1
98589,0
44306,0
90632,2
60700,1
1543,0
55582,0
37127,2
23605,1
78886,0
93895,0
35811,0
42148,0
78452,2
71833,1
90028,0
62687,1
92063,0
86353,0
13475,1
72556,3
29646,0
54918,1
54120,0
98107,1
27627,0
9654,1
31836,1
83148,1
21549,0
90728,0
47102,1
79104,0
63779,1
82750,0
73716,0
79366,0
84015,0
35316,0
34583,0
58916,0
78808,0
71348,1
52508,0
23608,0
10282,0
18734,0
19637,1
60560,0
11901,0
25075,0
85027,1
62369,0
86595,0
4678,0
54824,0
47488,0
40988,0
72585,0
910,0
5721,1
19345,0
76023,3
52602,0
70659,1
53304,1
67543,0
98491,0
33148,1
2371,1
84625,0
78057,0
8025,0
37604,0
10678,2
56268,1
74608,0
55303,0
99550,0
80416,0
65703,1
3613,0
79208,0
99688,1
33078,0
91072,1
71344,1
15302,0
97487,0
38153,1
14144,0
10266,0
18553,0
9688,0
42034,0
7441,1
37824,1
9088,1
65455,1
39247,1
22593,1
12530,1
33491,2
4279,0
77564,1
91035,2
50824,1
79453,1
73246,0
494,1
97341,0
82468,2
32689,0
58637,2
57460,0
4816,0
18335,2
68989,1
2670,1
60794,1
90453,1
28412,1
70548,1
10736,0
38507,0
39103,1
71625,0
96091,1
25038,0
22592,0
99743,1
82318,0
46044,2
85008,0
45654,0
6855,0
37303,0
45973,0
55215,0
94439,0
52656,0
87850,1
65614,0
97506,1
58346,0
22034,0
16559,0
18942,1
22452,0
64556,0
29601,0
98154,0
83655,0
68987,1
66080,0
48734,1
48982,1
68458,0
77685,1
95139,0
75894,1
75315,0
71137,0
32354,0
1910,0
84059,0
87066,0
88658,1
5012,0
42544,0
33896,1
11633,1
39814,0
9342,0
18804,0
55078,0
95268,1
81987,0
55894,0
9020,0
56330,0
25705,0
40370,0
86379,0
64448,0
36231,0
24212,0
37705,1
26671,0
5906,0
94481,0
99087,0
26163,0
72550,1
55787,1
62220,0
97193,0
34261,0
56720,1
30707,0
52987,0
75344,2
11818,0
59528,2
72523,0
70025,0
67134,0
1028,1
16874,1
88314,0
32070,0
91951,0
4443,0
59730,0
38275,0
18943,0
80046,3
12474,0
20452,0
43779,1
71146,0
93806,1
29396,0
13191,0
632,1
41903,0
93480,1
59976,0
11303,0
99060,1
67933,0
70622,0
76394,1
85431,0
35058,1
21431,0
35424,3
78480,0
76771,0
30334,0
16291,0
13770,0
25814,0
28153,0
50676,2
21057,0
64043,0
47939,0
25182,0
31813,2
4667,0
18598,3
88026,1
95202,0
29236,0
41837,0
88739,2
53213,0
53967,0
92456,0
69193,0
38898,2
778,1
69703,1
4552,1
49154,0
97117,1
5096,0
11234,0
84478,0
85685,0
43651,1
52621,1
19324,1
3011,0
36532,0
58526,1
74459,0
35760,0
53489,0
81333,1
66384,0
91093,0
86649,3
60130,0
37794,0
96948,0
21127,1
692,0
47425,1
92943,1
29122,1
2690,0
77481,3
31422,1
70618,1
29426,0
94995,0
52671,0
94914,3
1350,1
21089,0
51243,0
29800,0
92020,1
1643,0
72575,1
63237,0
72517,0
36070,2
37168,2
6329,0
10315,0
74532,3
80780,0
67464,1
99844,1
17119,0
50979,0
64804,1
45100,0
75711,0
22217,3
63262,1
13385,0
56587,2
19450,0
21695,1
17123,0
7054,0
86213,2
62792,0
55055,0
69417,0
31448,0
6051,0
45838,0
1371,0
53492,0
74588,1
24153,0
43745,0
20075,0
55588,1
23714,1
68893,1
94686,0
38856,1
46591,3
11422,1
46505,3
96543,0
90189,1
47580,0
78109,1
200,1
87221,1
6205,0
67344,0
97998,0
43556,2
63267,0
28732,1
16536,0
47876,0
899,0
74319,1
47237,0
34728,0
44564,0
74365,2
92473,1
51705,0
91186,0
75233,0
13066,3
40947,2
72594,2
73782,1
6444,0
25947,0
57335,1
5816,0
44766,1
85584,0
57216,2
35013,0
86623,0
55110,0
29247,0
49640,1
52641,0
79661,0
90902,0
8867,1
99586,2
849,0
3712,0
9251,2
99615,1
95609,3
72863,1
81029,2
82580,1
68767,1
47513,0
80830,0
86885,1
65506,1
77261,1
69422,1
96646,0
69811,0
34246,0
14253,0
56894,0
42895,2
79548,0
8193,0
87657,0
44131,3
81821,0
2777,1
41371,0
53787,2
74398,0
10955,1
35583,3
25882,1
47634,0
64085,0
36764,3
25875,1
72595,0
6735,1
98321,1
35951,0
78799,1
65708,0
84989,1
51439,0
23905,0
45960,1
50691,2
77523,0
63971,2
15080,3
87168,1
89859,0
52472,0
70813,0
76205,2
13698,1
28088,2
4302,0
97811,0
61374,0
43431,0
12534,0
22326,0
11909,0
28117,1
74572,0
1071,1
61575,2
21566,0
89615,0
21999,0
55296,1
49806,1
28907,0
22005,0
65725,0
94722,1
60257,0
93602,0
51171,0
47894,1
84715,0
22695,0
42193,0
86327,0
60053,2
59457,0
7133,0
96432,1
93780,2
61240,1
28818,3
80570,0
68708,0
74200,3
60847,0
38499,2
28050,1
98756,0
89856,0
26918,0
41442,0
74640,1
54188,0
6588,0
30661,0
58418,0
3872,0
96323,0
69825,3
95227,0
76618,0
31593,0
1660,0
10916,1
42494,2
17001,2
65826,0
25515,1
16596,0
7284,0
63149,0
99251,3
17775,0
20433,1
20687,0
57095,0
74264,1
90201,0
69932,1
96148,0
87878,1
18604,3
58406,0
42466,0
53210,0
77122,1
76019,0
29599,0
92887,0
58349,0
72701,1
83935,0
15478,0
35620,0
37137,1
49365,1
4272,1
92653,0
31938,0
89019,0
14510,0
49593,0
74285,0
56261,0
33434,0
31278,0
75406,0
14022,0
95210,0
61630,0
40404,0
65834,0
9956,0
74389,0
72637,0
12438,3
91257,0
46948,0
77336,0
83704,1
52985,0
54950,0
45410,0
5314,0
55748,0
84849,1
61176,1
60514,0
23573,2
13369,0
31685,0
52714,0
59712,0
32570,1
64058,0
4486,0
54200,0
27100,0
42962,0
42318,0
36944,3
86563,0
67878,3
55039,1
53503,1
31609,0
25785,2
78186,0
42574,1
13030,1
28352,0
21533,0
97397,0
52390,1
23309,0
44524,0
37504,0
11182,0
39382,0
57305,0
34534,1
91491,0
58002,0
63360,1
38781,2
93412,0
76827,0
56411,2
31452,0
61453,1
2003,0
24674,0
16069,0
35167,1
53535,2
70562,0
49192,0
28683,0
62913,0
26724,0
77044,0
89144,0
6999,0
62043,1
11864,0
34532,0
47143,1
61750,0
33054,0
23363,3
42611,0
62025,0
4331,0
46498,2
53799,0
65379,0
53091,3
81493,0
86208,0
97683,0
96459,0
48349,0
30457,0
2611,0
39458,0
86461,0
39449,1
73907,3
7862,2
89421,1
89956,3
20083,0
76377,0
50277,1
46812,0
56758,0
65281,1
81120,0
33519,0
16868,0
2629,0
11013,0
60648,1
2964,0
4740,0
10798,0
93804,2
21526,0
46485,1
12026,1
33173,0
10994,0
14265,1
38942,0
53708,0
74764,0
55021,1
24410,1
47633,0
15173,1
20721,0
76258,0
96413,2
16649,0
57291,0
24660,0
19986,0
24384,0
37076,1
18111,0
74644,0
79908,0
34498,0
52674,1
19100,0
37392,0
9344,0
18911,1
89243,1
27115,0
29395,0
95520,0
30760,0
89192,0
99544,0
59844,0
8701,0
71424,0
69651,0
5791,1
58422,0
21706,1
66654,0
88844,2
5410,0
16960,3
1235,0
73342,2
84036,0
27212,0
64361,0
43638,0
14337,1
90280,1
86558,0
1789,0
69365,0
24439,1
94752,0
3861,0
23203,0
74050,0
45256,0
62057,0
63587,1
87113,2
21191,0
57118,0
63545,0
72167,1
17936,0
64731,0
36042,0
37176,0
65098,0
94812,0
82375,0
13429,0
65772,0
77533,0
49642,0
36976,0
81162,0
64850,0
6502,1
49508,2
38596,0
71547,0
61809,0
29381,0
96598,0
55476,0
60261,0
45943,0
63248,1
87656,2
78307,3
94375,0
9581,0
47678,0
59701,0
53124,1
18630,0
33437,0
92071,0
99018,1
61857,0
69329,1
95887,0
1399,1
64006,0
56476,0
58381,1
13309,0
44972,0
61829,0
45728,1
72141,0
65194,1
8524,1
57623,0
37510,0
35767,1
1406,0
66062,1
86065,0
28612,0
95320,0
56708,0
88105,0
50955,0
64515,2
56804,0
65246,0
65144,1
89890,1
88799,1
68522,1
10731,0
12061,0
79310,0
16176,0
41527,1
51596,1
21134,0
19615,1
74652,0
75109,0
63953,3
93922,1
56637,0
83270,0
27280,0
67749,0
97157,0
31114,0
4506,0
9473,0
20680,1
26985,0
82251,1
74673,0
11562,0
93396,0
58257,0
18086,1
24093,0
36718,1
22825,0
29533,0
81781,0
18166,0
50149,2
53156,0
86539,0
44161,0
90588,0
54707,0
7250,0
73889,1
53268,0
63592,2
10054,0
19381,0
15490,0
68019,2
98909,1
12556,0
80865,2
92773,1
88192,1
61107,2
32337,0
12008,1
51532,0
49050,0
34204,0
15039,0
81679,0
35089,1
95176,1
23712,1
1181,1
74669,1
11484,0
92668,0
23574,1
37131,0
77780,2
12987,1
12641,0
86486,2
74772,0
51152,0
30032,0
34210,0
97609,0
50123,1
62852,0
64262,1
50772,1
79380,0
10333,0
84934,0
16890,1
91092,0
60074,0
60965,0
53531,0
69970,3
14621,1
34698,0
82845,1
33638,1
84056,0
3593,0
55715,0
442,0
8056,1
82411,1
42746,0
59877,0
98946,1
90767,1
73634,0
8780,1
